Arbrook,FrameTime,SetupTime,DrawCallTime,BGFX,FrameTime,SetupTime,DrawCallTime,Native,FrameTime,SetupTime,DrawCallTime,
 ,0.0226,1.0838,0.007, ,0.7277,100.139694,0.714, ,0.0149,1.0273,0.0048,
 ,0.0305, ,0.0078, ,0.7953, ,0.7847, ,0.0134, ,0.0031,
 ,0.0274, ,0.0077, ,0.3634, ,0.3526, ,0.0145, ,0.0033,
 ,0.0122, ,0.0036, ,0.3577, ,0.3473, ,0.0099, ,0.0029,
 ,0.0165, ,0.0036, ,0.3858, ,0.375, ,0.014, ,0.0032,
 ,0.0109, ,0.0032, ,0.3885, ,0.3788, ,0.0112, ,0.0037,
 ,0.0108, ,0.003, ,0.3864, ,0.3758, ,0.0094, ,0.0029,
 ,0.0103, ,0.003, ,0.2908, ,0.2814, ,0.0092, ,0.0031,
 ,0.0107, ,0.003, ,0.2336, ,0.2245, ,0.009, ,0.0029,
 ,0.0114, ,0.003, ,0.2825, ,0.272, ,0.0099, ,0.0031,
 ,0.0102, ,0.003, ,0.2504, ,0.2415, ,0.0087, ,0.0028,
 ,0.0104, ,0.0031, ,0.265, ,0.2558, ,0.0086, ,0.0029,
 ,0.0106, ,0.003, ,0.2515, ,0.2424, ,0.0088, ,0.0028,
 ,0.0117, ,0.0031, ,0.2376, ,0.2274, ,0.0099, ,0.003,
 ,0.0107, ,0.0032, ,0.2726, ,0.2635, ,0.0087, ,0.0028,
 ,0.0104, ,0.003, ,0.2201, ,0.2112, ,0.0093, ,0.003,
 ,0.0108, ,0.0029, ,0.217, ,0.208, ,0.0094, ,0.003,
 ,0.0103, ,0.003, ,0.2235, ,0.2145, ,0.0091, ,0.0031,
 ,0.0112, ,0.0032, ,0.2159, ,0.2071, ,0.0087, ,0.0029,
 ,0.0175, ,0.0039, ,0.2144, ,0.2044, ,0.0097, ,0.003,
 ,0.0151, ,0.004, ,0.215, ,0.2062, ,0.0088, ,0.0027,
 ,0.0107, ,0.0032, ,0.5153, ,0.5033, ,0.0088, ,0.0029,
 ,0.0106, ,0.0031, ,0.2213, ,0.2124, ,0.0087, ,0.0029,
 ,0.0102, ,0.003, ,0.218, ,0.2092, ,0.009, ,0.003,
 ,0.0109, ,0.003, ,0.2251, ,0.2162, ,0.0088, ,0.0028,
 ,0.0101, ,0.0029, ,0.2184, ,0.2095, ,0.0083, ,0.0027,
 ,0.0101, ,0.003, ,0.2159, ,0.2071, ,0.0085, ,0.0028,
 ,0.0101, ,0.0029, ,0.2186, ,0.2097, ,0.0085, ,0.0027,
 ,0.0168, ,0.0041, ,0.239, ,0.229, ,0.0095, ,0.0028,
 ,0.0104, ,0.003, ,0.2185, ,0.2097, ,0.0082, ,0.0027,
 ,0.0102, ,0.0029, ,0.4016, ,0.3919, ,0.0084, ,0.0028,
 ,0.0103, ,0.003, ,0.2602, ,0.2509, ,0.0085, ,0.0029,
 ,0.0105, ,0.0029, ,0.245, ,0.2358, ,0.0087, ,0.0028,
 ,0.0107, ,0.0032, ,0.236, ,0.2251, ,0.0084, ,0.0027,
 ,0.0106, ,0.0031, ,0.2312, ,0.2221, ,0.0085, ,0.0028,
 ,0.0102, ,0.003, ,0.2186, ,0.2097, ,0.0085, ,0.0028,
 ,0.0103, ,0.0028, ,0.2167, ,0.2078, ,0.0087, ,0.0028,
 ,0.0101, ,0.003, ,0.2212, ,0.2124, ,0.0085, ,0.0028,
 ,0.0111, ,0.0032, ,0.2678, ,0.259, ,0.0086, ,0.0028,
 ,0.0102, ,0.003, ,0.2179, ,0.209, ,0.0085, ,0.0028,
 ,0.0109, ,0.0031, ,0.2209, ,0.2121, ,0.0088, ,0.0028,
 ,0.0107, ,0.0032, ,0.2259, ,0.2169, ,0.0084, ,0.0028,
 ,0.0115, ,0.0031, ,0.3846, ,0.3746, ,0.0093, ,0.0028,
 ,0.0101, ,0.0029, ,0.227, ,0.2181, ,0.0084, ,0.0028,
 ,0.0104, ,0.003, ,0.2183, ,0.2095, ,0.0087, ,0.0029,
 ,0.0102, ,0.0029, ,0.2349, ,0.2262, ,0.0084, ,0.0028,
 ,0.0102, ,0.0029, ,0.2267, ,0.2177, ,0.0084, ,0.0028,
 ,0.0101, ,0.0029, ,0.2237, ,0.215, ,0.0084, ,0.0027,
 ,0.0104, ,0.0029, ,0.2225, ,0.2138, ,0.0088, ,0.0028,
 ,0.0101, ,0.0029, ,0.2215, ,0.2127, ,0.0085, ,0.0028,
 ,0.0101, ,0.0029, ,0.278, ,0.2689, ,0.0087, ,0.0028,
 ,0.0102, ,0.003, ,0.2737, ,0.264, ,0.0085, ,0.0028,
 ,0.0103, ,0.0029, ,0.2479, ,0.2385, ,0.0087, ,0.0028,
 ,0.01, ,0.0029, ,0.2836, ,0.2741, ,0.0086, ,0.0028,
 ,0.01, ,0.0029, ,0.2427, ,0.2319, ,0.0085, ,0.0027,
 ,0.01, ,0.0029, ,0.2227, ,0.2138, ,0.0088, ,0.0029,
 ,0.0104, ,0.0029, ,0.2651, ,0.2559, ,0.0093, ,0.0029,
 ,0.01, ,0.0029, ,0.3008, ,0.2907, ,0.0087, ,0.0029,
 ,0.01, ,0.003, ,0.2782, ,0.2672, ,0.0085, ,0.0028,
 ,0.01, ,0.003, ,0.2829, ,0.2718, ,0.0085, ,0.0028,
 ,0.0104, ,0.003, ,0.2529, ,0.2436, ,0.0089, ,0.0028,
 ,0.0102, ,0.003, ,0.3, ,0.2907, ,0.0087, ,0.0028,
 ,0.0101, ,0.003, ,0.2629, ,0.2473, ,0.0082, ,0.0027,
 ,0.0136, ,0.0036, ,0.2254, ,0.2145, ,0.0102, ,0.0029,
 ,0.0115, ,0.0032, ,0.2253, ,0.2166, ,0.0092, ,0.0029,
 ,0.0103, ,0.003, ,0.2231, ,0.2143, ,0.0089, ,0.003,
 ,0.0103, ,0.0031, ,0.2183, ,0.2095, ,0.0087, ,0.0028,
 ,0.0101, ,0.0029, ,0.2172, ,0.2084, ,0.0091, ,0.0031,
 ,0.0104, ,0.0029, ,0.2185, ,0.2098, ,0.0089, ,0.0028,
 ,0.0101, ,0.003, ,0.2227, ,0.2138, ,0.0085, ,0.0028,
 ,0.0101, ,0.0029, ,0.2186, ,0.2097, ,0.0081, ,0.0027,
 ,0.0101, ,0.003, ,0.2197, ,0.2108, ,0.0084, ,0.0028,
 ,0.0103, ,0.0029, ,0.2223, ,0.2135, ,0.0087, ,0.0028,
 ,0.0102, ,0.0029, ,0.2189, ,0.21, ,0.0084, ,0.0028,
 ,0.0101, ,0.003, ,0.2171, ,0.2084, ,0.0085, ,0.0028,
 ,0.0099, ,0.0029, ,0.224, ,0.2153, ,0.0085, ,0.0028,
 ,0.0104, ,0.003, ,0.2193, ,0.2103, ,0.0087, ,0.0028,
 ,0.0101, ,0.003, ,0.2205, ,0.2119, ,0.0084, ,0.0028,
 ,0.0099, ,0.0029, ,0.2197, ,0.211, ,0.0084, ,0.0028,
 ,0.0102, ,0.0029, ,0.2232, ,0.2144, ,0.0083, ,0.0028,
 ,0.0104, ,0.003, ,0.2183, ,0.2096, ,0.0087, ,0.0028,
 ,0.0099, ,0.0029, ,0.2201, ,0.2113, ,0.0084, ,0.0028,
 ,0.0101, ,0.003, ,0.2535, ,0.2446, ,0.0084, ,0.0028,
 ,0.0101, ,0.003, ,0.2455, ,0.2359, ,0.0084, ,0.0028,
 ,0.0113, ,0.0032, ,0.4129, ,0.4017, ,0.0087, ,0.0028,
 ,0.0101, ,0.003, ,0.2487, ,0.239, ,0.0084, ,0.0028,
 ,0.0101, ,0.0029, ,0.2819, ,0.2727, ,0.0084, ,0.0028,
 ,0.01, ,0.003, ,0.2747, ,0.2656, ,0.0087, ,0.0029,
 ,0.0103, ,0.0029, ,0.2196, ,0.2106, ,0.009, ,0.0028,
 ,0.0108, ,0.0031, ,0.2127, ,0.2037, ,0.0087, ,0.0028,
 ,0.0103, ,0.0029, ,0.2137, ,0.2048, ,0.0085, ,0.0028,
 ,0.0104, ,0.003, ,0.3715, ,0.3626, ,0.0085, ,0.0028,
 ,0.0105, ,0.0029, ,0.2382, ,0.2286, ,0.0088, ,0.0028,
 ,0.0108, ,0.0032, ,0.2209, ,0.2121, ,0.0085, ,0.0028,
 ,0.0114, ,0.0029, ,0.2153, ,0.2046, ,0.0096, ,0.0028,
 ,0.0102, ,0.003, ,0.2369, ,0.2278, ,0.0085, ,0.0028,
 ,0.0103, ,0.0029, ,0.2172, ,0.2081, ,0.0087, ,0.0029,
 ,0.0102, ,0.0029, ,0.2224, ,0.2134, ,0.0084, ,0.0028,
 ,0.0109, ,0.0031, ,0.2145, ,0.2057, ,0.0085, ,0.0028,
 ,0.0107, ,0.0032, ,0.2154, ,0.2065, ,0.0086, ,0.0028,
 ,0.0106, ,0.003, ,0.2123, ,0.2035, ,0.0112, ,0.0035,
 ,0.0104, ,0.003, ,0.217, ,0.2082, ,0.0086, ,0.0028,
 ,0.0102, ,0.003, ,0.2145, ,0.2055, ,0.0086, ,0.0028,
 ,0.0104, ,0.003, ,0.2164, ,0.2075, ,0.0085, ,0.0029,
 ,0.0106, ,0.003, ,0.2143, ,0.2054, ,0.0089, ,0.0028,
 ,0.0103, ,0.0029, ,0.2183, ,0.2094, ,0.0084, ,0.0028,
 ,0.0102, ,0.003, ,0.2164, ,0.2074, ,0.0086, ,0.0028,
 ,0.0101, ,0.003, ,0.2153, ,0.2066, ,0.0087, ,0.0029,
 ,0.0106, ,0.0029, ,0.2234, ,0.2144, ,0.0089, ,0.0028,
 ,0.0105, ,0.003, ,0.2195, ,0.2106, ,0.0084, ,0.0028,
 ,0.0102, ,0.003, ,0.2161, ,0.2072, ,0.0085, ,0.0029,
 ,0.01, ,0.0029, ,0.2163, ,0.2074, ,0.0086, ,0.0028,
 ,0.0104, ,0.0029, ,0.218, ,0.2089, ,0.0087, ,0.0028,
 ,0.0101, ,0.0029, ,0.2164, ,0.2073, ,0.0086, ,0.0028,
 ,0.0102, ,0.0029, ,0.2141, ,0.2053, ,0.0086, ,0.0028,
 ,0.0101, ,0.0029, ,0.2191, ,0.2103, ,0.0085, ,0.0028,
 ,0.0105, ,0.0029, ,0.2169, ,0.2079, ,0.0088, ,0.0027,
 ,0.01, ,0.0029, ,0.2201, ,0.2114, ,0.0085, ,0.0029,
 ,0.0102, ,0.0029, ,0.2366, ,0.2277, ,0.0087, ,0.0029,
 ,0.01, ,0.0029, ,0.2179, ,0.2091, ,0.0084, ,0.0029,
 ,0.0112, ,0.0032, ,0.2143, ,0.2054, ,0.0088, ,0.0028,
 ,0.0101, ,0.0029, ,0.216, ,0.2071, ,0.0086, ,0.0028,
 ,0.0102, ,0.0029, ,0.2168, ,0.2079, ,0.0085, ,0.0028,
 ,0.0101, ,0.0029, ,0.2154, ,0.2064, ,0.0084, ,0.0028,
 ,0.0104, ,0.0028, ,0.2127, ,0.2035, ,0.0087, ,0.0028,
 ,0.01, ,0.0029, ,0.2193, ,0.2105, ,0.0086, ,0.0028,
 ,0.0101, ,0.0029, ,0.2152, ,0.2063, ,0.0084, ,0.0028,
 ,0.0101, ,0.003, ,0.2145, ,0.2056, ,0.0086, ,0.0029,
 ,0.0105, ,0.003, ,0.216, ,0.2071, ,0.0121, ,0.0031,
 ,0.0101, ,0.0029, ,0.2167, ,0.2079, ,0.0132, ,0.004,
 ,0.0099, ,0.0029, ,0.2222, ,0.2133, ,0.0095, ,0.0032,
 ,0.01, ,0.0029, ,0.216, ,0.2071, ,0.0088, ,0.0029,
 ,0.0113, ,0.0031, ,0.2148, ,0.2061, ,0.0088, ,0.0028,
 ,0.0103, ,0.003, ,0.2206, ,0.212, ,0.0083, ,0.0027,
 ,0.0104, ,0.003, ,0.2143, ,0.2054, ,0.0088, ,0.003,
 ,0.014, ,0.0038, ,0.2172, ,0.2083, ,0.0086, ,0.0029,
 ,0.0106, ,0.0029, ,0.2167, ,0.2078, ,0.0089, ,0.0029,
 ,0.0103, ,0.003, ,0.2166, ,0.2075, ,0.0088, ,0.0029,
 ,0.0102, ,0.0029, ,0.2172, ,0.2081, ,0.0086, ,0.0029,
 ,0.0102, ,0.0029, ,0.2181, ,0.2093, ,0.0087, ,0.0028,
 ,0.0103, ,0.0029, ,0.4947, ,0.4847, ,0.0091, ,0.0028,
 ,0.0118, ,0.0029, ,0.3765, ,0.3629, ,0.0113, ,0.0027,
 ,0.0101, ,0.003, ,0.3176, ,0.3055, ,0.0085, ,0.0028,
 ,0.0107, ,0.0031, ,0.2983, ,0.2864, ,0.0085, ,0.0028,
 ,0.0107, ,0.003, ,0.3356, ,0.3238, ,0.0089, ,0.0028,
 ,0.0101, ,0.003, ,0.297, ,0.2851, ,0.0085, ,0.0028,
 ,0.01, ,0.0029, ,0.3035, ,0.2919, ,0.0087, ,0.0029,
 ,0.0101, ,0.0029, ,0.3763, ,0.3644, ,0.0086, ,0.0029,
 ,0.0104, ,0.003, ,0.3214, ,0.3098, ,0.0087, ,0.0028,
 ,0.0102, ,0.0029, ,0.323, ,0.3119, ,0.0084, ,0.0028,
 ,0.0102, ,0.003, ,0.3003, ,0.287, ,0.0086, ,0.0028,
 ,0.0101, ,0.0029, ,0.3061, ,0.294, ,0.0085, ,0.0028,
 ,0.0103, ,0.0029, ,0.3068, ,0.2956, ,0.0095, ,0.0031,
 ,0.0101, ,0.0029, ,0.3092, ,0.2971, ,0.0091, ,0.0031,
 ,0.0107, ,0.0032, ,0.2498, ,0.239, ,0.0085, ,0.0028,
 ,0.0103, ,0.0029, ,0.2203, ,0.2114, ,0.0086, ,0.0029,
 ,0.0104, ,0.0029, ,0.2203, ,0.2114, ,0.0088, ,0.0028,
 ,0.0101, ,0.0029, ,0.2189, ,0.2101, ,0.0089, ,0.0029,
 ,0.0153, ,0.004, ,0.2178, ,0.209, ,0.0084, ,0.0028,
 ,0.0101, ,0.0029, ,0.2183, ,0.2093, ,0.0086, ,0.0028,
 ,0.0108, ,0.003, ,0.2182, ,0.2093, ,0.0089, ,0.0029,
 ,0.0127, ,0.0037, ,0.2171, ,0.2082, ,0.0085, ,0.0028,
 ,0.0126, ,0.0036, ,0.2253, ,0.2166, ,0.0085, ,0.0028,
 ,0.0105, ,0.0031, ,0.2167, ,0.2078, ,0.0085, ,0.0028,
 ,0.0112, ,0.0032, ,0.2184, ,0.2095, ,0.0088, ,0.0028,
 ,0.0104, ,0.003, ,0.2182, ,0.2094, ,0.0086, ,0.0028,
 ,0.0101, ,0.0029, ,0.2184, ,0.2096, ,0.0085, ,0.0028,
 ,0.0101, ,0.0029, ,0.2203, ,0.2115, ,0.0086, ,0.0029,
 ,0.0103, ,0.0028, ,0.2161, ,0.2072, ,0.0089, ,0.0028,
 ,0.0102, ,0.0029, ,0.2186, ,0.2099, ,0.0086, ,0.0028,
 ,0.0103, ,0.003, ,0.2181, ,0.2093, ,0.0085, ,0.0029,
 ,0.01, ,0.003, ,0.2175, ,0.2087, ,0.0086, ,0.0028,
 ,0.0104, ,0.0029, ,0.2183, ,0.2095, ,0.0088, ,0.0028,
 ,0.0101, ,0.0029, ,0.2206, ,0.2119, ,0.0086, ,0.0028,
 ,0.0102, ,0.0029, ,0.2245, ,0.2159, ,0.0086, ,0.0028,
 ,0.01, ,0.0028, ,0.2147, ,0.2058, ,0.0085, ,0.0028,
 ,0.0106, ,0.0029, ,0.2173, ,0.2085, ,0.0089, ,0.0028,
 ,0.0101, ,0.003, ,0.2172, ,0.2084, ,0.0084, ,0.0028,
 ,0.0101, ,0.0029, ,0.2163, ,0.2074, ,0.0084, ,0.0028,
 ,0.0101, ,0.0029, ,0.2182, ,0.2094, ,0.0085, ,0.0028,
 ,0.0105, ,0.0029, ,0.2182, ,0.2092, ,0.0089, ,0.0029,
 ,0.0101, ,0.0029, ,0.2187, ,0.21, ,0.0085, ,0.0028,
 ,0.0101, ,0.0029, ,0.2173, ,0.2084, ,0.0086, ,0.0028,
 ,0.0101, ,0.0029, ,0.2225, ,0.2136, ,0.0086, ,0.0029,
 ,0.0105, ,0.0029, ,0.2196, ,0.2107, ,0.0087, ,0.0028,
 ,0.0101, ,0.0029, ,0.2175, ,0.2087, ,0.0086, ,0.0028,
 ,0.0101, ,0.003, ,0.2193, ,0.2105, ,0.0086, ,0.0028,
 ,0.01, ,0.0029, ,0.2751, ,0.2661, ,0.0085, ,0.0029,
 ,0.0104, ,0.0029, ,0.2186, ,0.2098, ,0.0087, ,0.0028,
 ,0.01, ,0.0029, ,0.2229, ,0.2142, ,0.0085, ,0.0029,
 ,0.0101, ,0.003, ,0.2233, ,0.2144, ,0.0084, ,0.0028,
 ,0.0101, ,0.003, ,0.2186, ,0.2098, ,0.0089, ,0.003,
 ,0.0104, ,0.0029, ,0.4954, ,0.4854, ,0.0091, ,0.0029,
 ,0.0102, ,0.0029, ,0.3055, ,0.2937, ,0.0086, ,0.0028,
 ,0.01, ,0.0029, ,0.2642, ,0.2538, ,0.0085, ,0.0028,
 ,0.0101, ,0.0029, ,0.2189, ,0.2099, ,0.0082, ,0.0026,
 ,0.0103, ,0.0029, ,0.2522, ,0.2434, ,0.0122, ,0.0038,
 ,0.01, ,0.0029, ,0.2351, ,0.2262, ,0.0088, ,0.0029,
 ,0.01, ,0.0029, ,0.2061, ,0.197, ,0.0087, ,0.0029,
 ,0.0147, ,0.0041, ,0.2269, ,0.2181, ,0.0086, ,0.0029,
 ,0.0131, ,0.0037, ,0.2199, ,0.211, ,0.0088, ,0.0028,
 ,0.0106, ,0.003, ,0.2161, ,0.2072, ,0.0095, ,0.0031,
 ,0.0107, ,0.0031, ,0.2174, ,0.2086, ,0.0088, ,0.003,
 ,0.0101, ,0.0029, ,0.2188, ,0.21, ,0.0088, ,0.0029,
 ,0.011, ,0.0032, ,0.2208, ,0.2119, ,0.0088, ,0.0027,
 ,0.0109, ,0.0033, ,0.2204, ,0.2116, ,0.0083, ,0.0027,
 ,0.01, ,0.0028, ,0.2215, ,0.2126, ,0.0082, ,0.0026,
 ,0.0101, ,0.0029, ,0.2282, ,0.2193, ,0.0088, ,0.0029,
 ,0.0104, ,0.003, ,0.2225, ,0.2135, ,0.0089, ,0.0029,
 ,0.01, ,0.0029, ,0.2243, ,0.2154, ,0.0086, ,0.0028,
 ,0.0105, ,0.0029, ,0.2233, ,0.2145, ,0.0086, ,0.0028,
 ,0.014, ,0.0029, ,0.2259, ,0.2133, ,0.0121, ,0.0028,
 ,0.0104, ,0.0029, ,0.222, ,0.2131, ,0.0088, ,0.0028,
 ,0.0128, ,0.0037, ,0.2239, ,0.2151, ,0.0085, ,0.0029,
 ,0.0102, ,0.003, ,0.2188, ,0.21, ,0.0084, ,0.0028,
 ,0.01, ,0.003, ,0.2175, ,0.2086, ,0.0084, ,0.0029,
 ,0.0104, ,0.0029, ,0.2499, ,0.2411, ,0.0088, ,0.0028,
 ,0.01, ,0.0029, ,0.2196, ,0.2107, ,0.0085, ,0.0028,
 ,0.0099, ,0.0029, ,0.2187, ,0.2098, ,0.0086, ,0.0028,
 ,0.0101, ,0.0029, ,0.2211, ,0.2123, ,0.0085, ,0.0028,
 ,0.0103, ,0.0029, ,0.2203, ,0.2113, ,0.0089, ,0.0028,
 ,0.01, ,0.0029, ,0.2232, ,0.2144, ,0.0086, ,0.0028,
 ,0.0099, ,0.0029, ,0.224, ,0.2151, ,0.0087, ,0.0028,
 ,0.0101, ,0.0029, ,0.2246, ,0.2157, ,0.0084, ,0.0028,
 ,0.0103, ,0.0029, ,0.2208, ,0.212, ,0.0087, ,0.0028,
 ,0.01, ,0.0029, ,0.2189, ,0.21, ,0.0086, ,0.0028,
 ,0.0101, ,0.0029, ,0.2225, ,0.2136, ,0.0084, ,0.0028,
 ,0.0099, ,0.0029, ,0.2194, ,0.2106, ,0.0084, ,0.0028,
 ,0.0104, ,0.0029, ,0.225, ,0.2165, ,0.0087, ,0.0029,
 ,0.01, ,0.0029, ,0.2227, ,0.214, ,0.0086, ,0.0028,
 ,0.01, ,0.0029, ,0.2193, ,0.2105, ,0.0085, ,0.0028,
 ,0.0101, ,0.003, ,0.2179, ,0.209, ,0.0085, ,0.0029,
 ,0.0113, ,0.0031, ,0.2194, ,0.2107, ,0.0088, ,0.0028,
 ,0.0106, ,0.0032, ,0.22, ,0.2111, ,0.0085, ,0.0028,
 ,0.0104, ,0.0029, ,0.2204, ,0.2114, ,0.0085, ,0.0028,
 ,0.0098, ,0.0029, ,0.219, ,0.2102, ,0.0088, ,0.0029,
 ,0.0105, ,0.003, ,0.2223, ,0.2134, ,0.0093, ,0.0031,
 ,0.0104, ,0.003, ,0.224, ,0.2152, ,0.0085, ,0.0029,
 ,0.0101, ,0.0029, ,0.2203, ,0.2115, ,0.0085, ,0.0028,
 ,0.0101, ,0.0029, ,0.2253, ,0.2167, ,0.0085, ,0.0028,
 ,0.0105, ,0.0029, ,0.2211, ,0.2122, ,0.009, ,0.0028,
 ,0.0101, ,0.0029, ,0.2713, ,0.2624, ,0.0086, ,0.0028,
 ,0.01, ,0.0029, ,0.2201, ,0.2112, ,0.0084, ,0.0028,
 ,0.0099, ,0.0029, ,0.2209, ,0.2121, ,0.0084, ,0.0028,
 ,0.0104, ,0.0029, ,0.2206, ,0.2118, ,0.0087, ,0.0027,
 ,0.0101, ,0.0029, ,0.2197, ,0.2109, ,0.0085, ,0.0028,
 ,0.0101, ,0.0029, ,0.2214, ,0.2126, ,0.0086, ,0.0028,
 ,0.0101, ,0.0029, ,0.2205, ,0.2115, ,0.0084, ,0.0028,
 ,0.0103, ,0.0029, ,0.2271, ,0.2182, ,0.0087, ,0.0028,
 ,0.0103, ,0.0029, ,0.417, ,0.4058, ,0.0084, ,0.0028,
 ,0.0101, ,0.0029, ,0.2605, ,0.2509, ,0.0084, ,0.0028,
 ,0.0101, ,0.003, ,0.2293, ,0.2185, ,0.0085, ,0.0027,
 ,0.0105, ,0.0029, ,0.2265, ,0.2175, ,0.0087, ,0.0028,
 ,0.0101, ,0.0029, ,0.2249, ,0.2161, ,0.0084, ,0.0028,
 ,0.0103, ,0.003, ,0.2203, ,0.2114, ,0.0083, ,0.0029,
 ,0.01, ,0.0029, ,0.2163, ,0.2072, ,0.0084, ,0.0028,
 ,0.0104, ,0.0029, ,0.2207, ,0.2118, ,0.0087, ,0.0029,
 ,0.01, ,0.0028, ,0.2203, ,0.2114, ,0.0085, ,0.0028,
 ,0.01, ,0.0029, ,0.2177, ,0.2088, ,0.0083, ,0.0028,
 ,0.0102, ,0.0029, ,0.2193, ,0.2102, ,0.0085, ,0.0028,
 ,0.0105, ,0.0029, ,0.2204, ,0.2114, ,0.0087, ,0.0027,
 ,0.0101, ,0.0029, ,0.2277, ,0.2188, ,0.0087, ,0.0028,
 ,0.01, ,0.0029, ,0.2202, ,0.2113, ,0.0084, ,0.0028,
 ,0.01, ,0.003, ,0.2193, ,0.2104, ,0.0084, ,0.0028,
 ,0.0104, ,0.003, ,0.2203, ,0.2114, ,0.0085, ,0.0028,
 ,0.0102, ,0.003, ,0.2182, ,0.2093, ,0.0082, ,0.0027,
 ,0.0103, ,0.0031, ,0.2203, ,0.2113, ,0.0085, ,0.0028,
 ,0.0104, ,0.0031, ,0.2205, ,0.2114, ,0.0084, ,0.0028,
 ,0.0106, ,0.0029, ,0.2358, ,0.2269, ,0.0088, ,0.0029,
 ,0.01, ,0.0029, ,0.2235, ,0.2148, ,0.0083, ,0.0027,
 ,0.0102, ,0.0029, ,0.221, ,0.2122, ,0.009, ,0.003,
 ,0.0101, ,0.0029, ,0.2191, ,0.2101, ,0.0088, ,0.0029,
 ,0.0105, ,0.0029, ,0.2252, ,0.2164, ,0.009, ,0.0029,
 ,0.01, ,0.0028, ,0.2204, ,0.2116, ,0.0084, ,0.0028,
 ,0.0101, ,0.003, ,0.2206, ,0.2118, ,0.0088, ,0.0029,
 ,0.0101, ,0.0029, ,0.2179, ,0.209, ,0.0084, ,0.0028,
 ,0.0105, ,0.0029, ,0.2203, ,0.2115, ,0.0087, ,0.0027,
 ,0.0101, ,0.0029, ,0.2225, ,0.2137, ,0.0086, ,0.0029,
 ,0.0101, ,0.003, ,0.2187, ,0.2099, ,0.0086, ,0.0029,
 ,0.0101, ,0.0029, ,0.2209, ,0.212, ,0.0089, ,0.003,
 ,0.0105, ,0.003, ,0.2198, ,0.211, ,0.0091, ,0.003,
 ,0.0099, ,0.0029, ,0.2192, ,0.2102, ,0.0089, ,0.003,
 ,0.0101, ,0.0029, ,0.2206, ,0.2117, ,0.0085, ,0.0027,
 ,0.01, ,0.0029, ,0.2202, ,0.2114, ,0.0091, ,0.0029,
 ,0.0103, ,0.0029, ,0.2183, ,0.2094, ,0.0087, ,0.0027,
 ,0.0101, ,0.0029, ,0.2196, ,0.2109, ,0.0086, ,0.0029,
 ,0.0101, ,0.0028, ,0.2205, ,0.2116, ,0.0085, ,0.0028,
 ,0.01, ,0.0029, ,0.2179, ,0.209, ,0.0088, ,0.0028,
 ,0.0104, ,0.0029, ,0.2179, ,0.2089, ,0.0089, ,0.0028,
 ,0.0099, ,0.0029, ,0.2177, ,0.2087, ,0.0087, ,0.0028,
 ,0.0103, ,0.003, ,0.2185, ,0.2096, ,0.0088, ,0.0028,
 ,0.0099, ,0.0028, ,0.2185, ,0.2096, ,0.0086, ,0.0029,
 ,0.0104, ,0.003, ,0.217, ,0.2081, ,0.009, ,0.0028,
 ,0.0099, ,0.0029, ,0.2209, ,0.2122, ,0.0086, ,0.0028,
 ,0.01, ,0.0029, ,0.2889, ,0.2799, ,0.0086, ,0.0028,
 ,0.0099, ,0.0028, ,0.2187, ,0.2098, ,0.0086, ,0.0028,
 ,0.0104, ,0.0029, ,0.2146, ,0.2056, ,0.0089, ,0.0029,
 ,0.0101, ,0.003, ,0.2169, ,0.208, ,0.0085, ,0.0027,
 ,0.0104, ,0.0031, ,0.2161, ,0.2071, ,0.0085, ,0.0028,
 ,0.0101, ,0.0029, ,0.2146, ,0.2058, ,0.0086, ,0.0029,
 ,0.0106, ,0.003, ,0.2178, ,0.2086, ,0.0088, ,0.0029,
 ,0.0103, ,0.0031, ,0.2195, ,0.2107, ,0.0085, ,0.0027,
 ,0.0103, ,0.003, ,0.2167, ,0.2079, ,0.0086, ,0.0028,
 ,0.0099, ,0.0029, ,0.2165, ,0.2077, ,0.0085, ,0.0028,
 ,0.0103, ,0.0029, ,0.2162, ,0.2074, ,0.0088, ,0.0028,
 ,0.0101, ,0.003, ,0.3946, ,0.3849, ,0.0084, ,0.0029,
 ,0.0102, ,0.0028, ,0.2434, ,0.234, ,0.0085, ,0.0028,
 ,0.0103, ,0.0029, ,0.3451, ,0.3354, ,0.0084, ,0.0028,
 ,0.0166, ,0.0041, ,0.3162, ,0.3039, ,0.0088, ,0.0028,
 ,0.0102, ,0.0029, ,0.3932, ,0.3835, ,0.0084, ,0.0028,
 ,0.0102, ,0.0029, ,0.2316, ,0.2224, ,0.0086, ,0.0029,
 ,0.0104, ,0.003, ,0.2256, ,0.2165, ,0.0085, ,0.0029,
 ,0.0103, ,0.0029, ,0.2302, ,0.2212, ,0.0087, ,0.0029,
 ,0.01, ,0.003, ,0.2287, ,0.2195, ,0.0086, ,0.0028,
 ,0.0098, ,0.0027, ,0.2364, ,0.2275, ,0.0086, ,0.0028,
 ,0.01, ,0.0029, ,0.2324, ,0.2236, ,0.0085, ,0.0028,
 ,0.014, ,0.0029, ,0.2305, ,0.2161, ,0.012, ,0.0029,
 ,0.01, ,0.0029, ,0.2382, ,0.2294, ,0.0085, ,0.0028,
 ,0.0101, ,0.0029, ,0.2348, ,0.2258, ,0.0085, ,0.0028,
 ,0.0103, ,0.003, ,0.2286, ,0.2193, ,0.0087, ,0.0028,
 ,0.0105, ,0.003, ,0.2253, ,0.2164, ,0.0088, ,0.0028,
 ,0.0099, ,0.0029, ,0.2194, ,0.2105, ,0.0085, ,0.0029,
 ,0.0102, ,0.0029, ,0.2186, ,0.2097, ,0.0085, ,0.0028,
 ,0.01, ,0.003, ,0.2188, ,0.2099, ,0.0085, ,0.0028,
 ,0.0103, ,0.0029, ,0.2198, ,0.2109, ,0.009, ,0.0027,
 ,0.0101, ,0.0029, ,0.2216, ,0.2128, ,0.0085, ,0.0028,
 ,0.0101, ,0.003, ,0.2242, ,0.2156, ,0.0084, ,0.0028,
 ,0.0102, ,0.003, ,0.2198, ,0.211, ,0.0085, ,0.0028,
 ,0.0105, ,0.003, ,0.2178, ,0.209, ,0.0088, ,0.0028,
 ,0.0101, ,0.003, ,0.2177, ,0.2089, ,0.0085, ,0.0028,
 ,0.01, ,0.0029, ,0.2213, ,0.2125, ,0.0084, ,0.0028,
 ,0.01, ,0.0029, ,0.2195, ,0.2106, ,0.0084, ,0.0028,
 ,0.0103, ,0.0029, ,0.2174, ,0.2087, ,0.009, ,0.0028,
 ,0.01, ,0.0029, ,0.2221, ,0.2134, ,0.0086, ,0.0029,
 ,0.01, ,0.0029, ,0.2194, ,0.2105, ,0.0085, ,0.0028,
 ,0.01, ,0.0029, ,0.2187, ,0.2099, ,0.0085, ,0.0028,
 ,0.0134, ,0.0038, ,0.2183, ,0.2094, ,0.0087, ,0.0028,
 ,0.0101, ,0.0029, ,0.2273, ,0.2185, ,0.0086, ,0.0028,
 ,0.0101, ,0.0029, ,0.2205, ,0.2117, ,0.0086, ,0.0029,
 ,0.01, ,0.0029, ,0.2196, ,0.2107, ,0.0085, ,0.0029,
 ,0.0104, ,0.0029, ,0.2211, ,0.2121, ,0.0093, ,0.003,
 ,0.0104, ,0.003, ,0.2231, ,0.2144, ,0.0086, ,0.0029,
 ,0.0097, ,0.0028, ,0.219, ,0.21, ,0.0087, ,0.0029,
 ,0.0101, ,0.0029, ,0.2204, ,0.2115, ,0.0085, ,0.0028,
 ,0.0103, ,0.0029, ,0.2811, ,0.2724, ,0.0088, ,0.0028,
 ,0.0101, ,0.0028, ,0.2204, ,0.2114, ,0.0084, ,0.0028,
 ,0.0101, ,0.0029, ,0.2172, ,0.2083, ,0.0085, ,0.0028,
 ,0.01, ,0.0029, ,0.2203, ,0.2114, ,0.0085, ,0.0028,
 ,0.0103, ,0.0029, ,0.221, ,0.2121, ,0.0089, ,0.0029,
 ,0.01, ,0.0029, ,0.2215, ,0.2128, ,0.0086, ,0.0028,
 ,0.0102, ,0.0029, ,0.2202, ,0.2115, ,0.0085, ,0.0029,
 ,0.0104, ,0.0031, ,0.2207, ,0.2117, ,0.0086, ,0.0028,
 ,0.0103, ,0.003, ,0.2191, ,0.2103, ,0.0089, ,0.0029,
 ,0.0103, ,0.003, ,0.2206, ,0.2118, ,0.0085, ,0.0028,
 ,0.0101, ,0.0029, ,0.2193, ,0.2104, ,0.0086, ,0.0028,
 ,0.01, ,0.0029, ,0.2185, ,0.2097, ,0.0089, ,0.003,
 ,0.0104, ,0.0029, ,0.2202, ,0.2111, ,0.0089, ,0.0029,
 ,0.0101, ,0.0029, ,0.439, ,0.4274, ,0.0084, ,0.0028,
 ,0.0101, ,0.0029, ,0.2494, ,0.2398, ,0.0087, ,0.0029,
 ,0.01, ,0.0029, ,0.2359, ,0.2264, ,0.0086, ,0.0029,
 ,0.0104, ,0.0029, ,0.2872, ,0.2781, ,0.009, ,0.0028,
 ,0.0101, ,0.0029, ,0.2384, ,0.2293, ,0.0083, ,0.0027,
 ,0.0101, ,0.0029, ,0.2275, ,0.2184, ,0.0088, ,0.003,
 ,0.01, ,0.0028, ,0.2218, ,0.2128, ,0.0085, ,0.0027,
 ,0.0103, ,0.0029, ,0.22, ,0.211, ,0.0091, ,0.0028,
 ,0.01, ,0.0029, ,0.2285, ,0.2197, ,0.0085, ,0.0028,
 ,0.0101, ,0.003, ,0.2278, ,0.2189, ,0.0086, ,0.0028,
 ,0.0098, ,0.0029, ,0.2113, ,0.2024, ,0.0085, ,0.0028,
 ,0.0104, ,0.003, ,0.223, ,0.2142, ,0.0088, ,0.0028,
 ,0.0102, ,0.003, ,0.2375, ,0.2285, ,0.0085, ,0.0028,
 ,0.0101, ,0.0029, ,0.2302, ,0.2212, ,0.0085, ,0.0028,
 ,0.0102, ,0.003, ,0.2211, ,0.2122, ,0.0085, ,0.0028,
 ,0.0105, ,0.0029, ,0.2194, ,0.2104, ,0.0089, ,0.0029,
 ,0.0101, ,0.0028, ,0.2266, ,0.2177, ,0.0086, ,0.0029,
 ,0.0104, ,0.003, ,0.221, ,0.212, ,0.0085, ,0.0028,
 ,0.0103, ,0.0029, ,0.2207, ,0.2117, ,0.0084, ,0.0029,
 ,0.0103, ,0.0029, ,0.221, ,0.2122, ,0.0088, ,0.0028,
 ,0.0101, ,0.003, ,0.2213, ,0.2123, ,0.0086, ,0.0028,
 ,0.01, ,0.0029, ,0.2207, ,0.2118, ,0.0086, ,0.0028,
 ,0.01, ,0.0029, ,0.2198, ,0.2109, ,0.0085, ,0.0028,
 ,0.0104, ,0.003, ,0.2213, ,0.2124, ,0.0087, ,0.0028,
 ,0.01, ,0.0029, ,0.2225, ,0.2138, ,0.0085, ,0.0029,
 ,0.0101, ,0.003, ,0.22, ,0.211, ,0.0084, ,0.0028,
 ,0.01, ,0.0029, ,0.2207, ,0.2118, ,0.0084, ,0.0028,
 ,0.0103, ,0.0029, ,0.2204, ,0.2115, ,0.0088, ,0.0028,
 ,0.0133, ,0.003, ,0.2219, ,0.213, ,0.0086, ,0.0028,
 ,0.0132, ,0.0038, ,0.2167, ,0.2078, ,0.0086, ,0.0028,
 ,0.0127, ,0.0038, ,0.2185, ,0.2096, ,0.0085, ,0.0028,
 ,0.0129, ,0.0036, ,0.2195, ,0.2106, ,0.0087, ,0.0028,
 ,0.0101, ,0.003, ,0.2206, ,0.2114, ,0.0085, ,0.0028,
 ,0.0106, ,0.0031, ,0.2192, ,0.2102, ,0.0085, ,0.0029,
 ,0.0103, ,0.003, ,0.2192, ,0.2103, ,0.0086, ,0.0028,
 ,0.0105, ,0.003, ,0.2273, ,0.2185, ,0.0089, ,0.0028,
 ,0.01, ,0.0029, ,0.2187, ,0.2098, ,0.0087, ,0.0028,
 ,0.0102, ,0.0029, ,0.2188, ,0.21, ,0.0087, ,0.0029,
 ,0.0101, ,0.0029, ,0.216, ,0.2071, ,0.0085, ,0.0029,
 ,0.0106, ,0.003, ,0.265, ,0.2561, ,0.0088, ,0.0028,
 ,0.01, ,0.0029, ,0.2193, ,0.2105, ,0.0085, ,0.0028,
 ,0.0101, ,0.003, ,0.2161, ,0.2074, ,0.0085, ,0.0028,
 ,0.0101, ,0.003, ,0.2187, ,0.2098, ,0.0085, ,0.0028,
 ,0.0105, ,0.003, ,0.2167, ,0.2078, ,0.0088, ,0.0028,
 ,0.0099, ,0.0029, ,0.2168, ,0.208, ,0.0086, ,0.0028,
 ,0.0101, ,0.0029, ,0.2155, ,0.2066, ,0.0085, ,0.0027,
 ,0.01, ,0.0029, ,0.2253, ,0.2163, ,0.0086, ,0.0029,
 ,0.0103, ,0.0029, ,0.2162, ,0.2074, ,0.0088, ,0.0028,
 ,0.01, ,0.0029, ,0.2219, ,0.2132, ,0.0084, ,0.0027,
 ,0.0101, ,0.003, ,0.2196, ,0.2108, ,0.0084, ,0.0028,
 ,0.01, ,0.0029, ,0.2193, ,0.2105, ,0.0084, ,0.0028,
 ,0.0105, ,0.0029, ,0.2192, ,0.2103, ,0.0089, ,0.0028,
 ,0.0101, ,0.0029, ,0.2185, ,0.2096, ,0.0085, ,0.0028,
 ,0.01, ,0.0029, ,0.3448, ,0.3356, ,0.0085, ,0.0028,
 ,0.0101, ,0.0028, ,0.2316, ,0.2221, ,0.0086, ,0.0028,
 ,0.0154, ,0.003, ,0.2209, ,0.212, ,0.0089, ,0.0029,
 ,0.01, ,0.0029, ,0.2203, ,0.2114, ,0.0085, ,0.0028,
 ,0.01, ,0.0029, ,0.2183, ,0.2094, ,0.0084, ,0.0028,
 ,0.0101, ,0.0029, ,0.2186, ,0.2098, ,0.0115, ,0.0037,
 ,0.0105, ,0.003, ,0.2174, ,0.2085, ,0.009, ,0.0029,
 ,0.01, ,0.0029, ,0.2289, ,0.2201, ,0.0085, ,0.0029,
 ,0.01, ,0.0029, ,0.3203, ,0.3088, ,0.0087, ,0.0029,
 ,0.0102, ,0.0029, ,0.2488, ,0.238, ,0.0085, ,0.0029,
 ,0.0104, ,0.0029, ,0.2455, ,0.2363, ,0.0088, ,0.0029,
 ,0.0101, ,0.0029, ,0.2335, ,0.2244, ,0.0085, ,0.0029,
 ,0.01, ,0.0029, ,0.2219, ,0.2131, ,0.0086, ,0.0029,
 ,0.0099, ,0.0028, ,0.226, ,0.2171, ,0.0085, ,0.0028,
 ,0.0105, ,0.003, ,0.2273, ,0.2185, ,0.0089, ,0.0028,
 ,0.0099, ,0.0029, ,0.2195, ,0.2107, ,0.0086, ,0.0029,
 ,0.01, ,0.0029, ,0.2175, ,0.2086, ,0.0085, ,0.0029,
 ,0.01, ,0.0029, ,0.2159, ,0.2071, ,0.0085, ,0.0028,
 ,0.0131, ,0.003, ,0.2185, ,0.2097, ,0.0088, ,0.0028,
 ,0.01, ,0.0029, ,0.2197, ,0.211, ,0.0085, ,0.0028,
 ,0.0101, ,0.003, ,0.2168, ,0.208, ,0.0085, ,0.0029,
 ,0.01, ,0.0029, ,0.2186, ,0.2097, ,0.0085, ,0.0028,
 ,0.0103, ,0.0029, ,0.2178, ,0.209, ,0.0089, ,0.0029,
 ,0.0101, ,0.0029, ,0.2166, ,0.2077, ,0.0085, ,0.0028,
 ,0.0101, ,0.0028, ,0.2187, ,0.2097, ,0.0086, ,0.0028,
 ,0.0101, ,0.003, ,0.2216, ,0.213, ,0.0087, ,0.0029,
 ,0.0103, ,0.0029, ,0.2196, ,0.2107, ,0.0089, ,0.0028,
 ,0.0101, ,0.003, ,0.2202, ,0.2115, ,0.0085, ,0.0029,
 ,0.0101, ,0.003, ,0.2196, ,0.2107, ,0.0086, ,0.0028,
 ,0.0102, ,0.003, ,0.2192, ,0.2102, ,0.0086, ,0.0028,
 ,0.0106, ,0.003, ,0.2185, ,0.2096, ,0.0088, ,0.0028,
 ,0.0101, ,0.0029, ,0.2198, ,0.211, ,0.0084, ,0.0027,
 ,0.0101, ,0.003, ,0.2193, ,0.2106, ,0.0085, ,0.0028,
 ,0.01, ,0.003, ,0.2189, ,0.21, ,0.0085, ,0.0028,
 ,0.0104, ,0.0029, ,0.2202, ,0.2114, ,0.0088, ,0.0028,
 ,0.01, ,0.0029, ,0.2231, ,0.2143, ,0.0086, ,0.0028,
 ,0.0101, ,0.003, ,0.2185, ,0.2097, ,0.0086, ,0.0029,
 ,0.01, ,0.003, ,0.2173, ,0.2083, ,0.0085, ,0.0029,
 ,0.0104, ,0.003, ,0.2672, ,0.2584, ,0.009, ,0.0028,
 ,0.0099, ,0.0029, ,0.2204, ,0.2114, ,0.0085, ,0.0027,
 ,0.0101, ,0.003, ,0.2189, ,0.21, ,0.0085, ,0.0029,
 ,0.0101, ,0.003, ,0.2196, ,0.2107, ,0.0084, ,0.0027,
 ,0.0105, ,0.0031, ,0.2196, ,0.2107, ,0.0087, ,0.0028,
 ,0.01, ,0.0029, ,0.2209, ,0.2123, ,0.0086, ,0.0028,
 ,0.0101, ,0.0029, ,0.2198, ,0.2109, ,0.0085, ,0.0028,
 ,0.01, ,0.0029, ,0.219, ,0.2102, ,0.0085, ,0.0028,
 ,0.0104, ,0.003, ,0.2174, ,0.2087, ,0.0087, ,0.0028,
 ,0.0101, ,0.003, ,0.2228, ,0.214, ,0.0085, ,0.0028,
 ,0.0101, ,0.0029, ,0.2189, ,0.2101, ,0.0085, ,0.0028,
 ,0.01, ,0.0029, ,0.2172, ,0.2084, ,0.0086, ,0.0028,
 ,0.0104, ,0.003, ,0.2174, ,0.2085, ,0.0088, ,0.0028,
 ,0.0102, ,0.003, ,0.2207, ,0.212, ,0.0087, ,0.0029,
 ,0.0133, ,0.0038, ,0.2189, ,0.2101, ,0.0085, ,0.0028,
 ,0.0107, ,0.003, ,0.2168, ,0.2079, ,0.0085, ,0.0028,
 ,0.011, ,0.0031, ,0.2186, ,0.2098, ,0.0088, ,0.0029,
 ,0.0104, ,0.003, ,0.219, ,0.2101, ,0.0086, ,0.0029,
 ,0.0102, ,0.0029, ,0.3451, ,0.3343, ,0.0085, ,0.0029,
 ,0.0101, ,0.0029, ,0.2634, ,0.2527, ,0.0086, ,0.0028,
 ,0.0107, ,0.003, ,0.2342, ,0.2251, ,0.0088, ,0.0029,
 ,0.0105, ,0.003, ,0.2478, ,0.2387, ,0.0086, ,0.0028,
 ,0.0103, ,0.0029, ,0.224, ,0.215, ,0.0086, ,0.0028,
 ,0.01, ,0.0029, ,0.2329, ,0.2241, ,0.0085, ,0.0028,
 ,0.0105, ,0.0029, ,0.2203, ,0.2114, ,0.0087, ,0.0029,
 ,0.01, ,0.0029, ,0.2181, ,0.2094, ,0.0085, ,0.0028,
 ,0.0143, ,0.003, ,0.3307, ,0.3158, ,0.012, ,0.0029,
 ,0.01, ,0.0029, ,0.2455, ,0.2363, ,0.0084, ,0.0028,
 ,0.0104, ,0.0029, ,0.2248, ,0.2157, ,0.0088, ,0.0028,
 ,0.0128, ,0.0056, ,0.2149, ,0.206, ,0.0085, ,0.0029,
 ,0.01, ,0.0028, ,0.219, ,0.2101, ,0.0085, ,0.0028,
 ,0.01, ,0.0029, ,0.2104, ,0.2015, ,0.0085, ,0.0028,
 ,0.0103, ,0.0029, ,0.335, ,0.3261, ,0.0088, ,0.0029,
 ,0.01, ,0.0028, ,0.2211, ,0.2122, ,0.0085, ,0.0028,
 ,0.014, ,0.0038, ,0.2241, ,0.2151, ,0.0084, ,0.0028,
 ,0.0102, ,0.003, ,0.2164, ,0.2076, ,0.0085, ,0.0028,
 ,0.0105, ,0.003, ,0.2174, ,0.2085, ,0.009, ,0.0028,
 ,0.01, ,0.0029, ,0.2209, ,0.2122, ,0.0085, ,0.0029,
 ,0.0101, ,0.003, ,0.2177, ,0.2089, ,0.0086, ,0.0028,
 ,0.01, ,0.0029, ,0.217, ,0.2081, ,0.0095, ,0.003,
 ,0.0104, ,0.0029, ,0.2207, ,0.2118, ,0.0095, ,0.003,
 ,0.0101, ,0.0029, ,0.219, ,0.2101, ,0.009, ,0.0029,
 ,0.0101, ,0.003, ,0.2275, ,0.2186, ,0.0095, ,0.0031,
 ,0.0101, ,0.0029, ,0.2201, ,0.2112, ,0.0092, ,0.003,
 ,0.0103, ,0.0029, ,0.2201, ,0.2112, ,0.0095, ,0.003,
 ,0.0101, ,0.003, ,0.2204, ,0.2116, ,0.0093, ,0.0031,
 ,0.0101, ,0.003, ,0.2195, ,0.2106, ,0.0088, ,0.0029,
 ,0.01, ,0.0029, ,0.2197, ,0.2109, ,0.0085, ,0.0029,
 ,0.0133, ,0.0029, ,0.218, ,0.2089, ,0.0116, ,0.0037,
 ,0.0101, ,0.0029, ,0.2159, ,0.2069, ,0.009, ,0.003,
 ,0.0102, ,0.0029, ,0.2179, ,0.2089, ,0.0089, ,0.0029,
 ,0.01, ,0.0029, ,0.2743, ,0.2654, ,0.0118, ,0.0037,
 ,0.0104, ,0.0029, ,0.2184, ,0.2096, ,0.01, ,0.0031,
 ,0.0101, ,0.0029, ,0.2247, ,0.216, ,0.0095, ,0.0035,
 ,0.01, ,0.0029, ,0.2184, ,0.2095, ,0.013, ,0.0041,
 ,0.0101, ,0.003, ,0.2153, ,0.2064, ,0.0115, ,0.0036,
 ,0.0102, ,0.0028, ,0.2173, ,0.2085, ,0.0099, ,0.0032,
 ,0.01, ,0.0029, ,0.217, ,0.2082, ,0.0089, ,0.003,
 ,0.0101, ,0.003, ,0.2203, ,0.2114, ,0.0094, ,0.003,
 ,0.0101, ,0.003, ,0.2169, ,0.208, ,0.0087, ,0.0029,
 ,0.0104, ,0.003, ,0.2204, ,0.2116, ,0.0096, ,0.0031,
 ,0.0101, ,0.0029, ,0.2202, ,0.2114, ,0.0087, ,0.0029,
 ,0.0101, ,0.003, ,0.2193, ,0.2103, ,0.0088, ,0.0028,
 ,0.01, ,0.0029, ,0.2193, ,0.2105, ,0.0087, ,0.0028,
 ,0.0106, ,0.003, ,0.2199, ,0.2111, ,0.0089, ,0.0029,
 ,0.0101, ,0.0029, ,0.2189, ,0.21, ,0.0092, ,0.003,
 ,0.0099, ,0.0029, ,0.22, ,0.2112, ,0.0087, ,0.0029,
 ,0.0099, ,0.0029, ,0.2188, ,0.2099, ,0.0085, ,0.0029,
 ,0.0104, ,0.0029, ,0.219, ,0.2101, ,0.0089, ,0.0029,
 ,0.01, ,0.003, ,0.3507, ,0.3394, ,0.0089, ,0.0029,
 ,0.0101, ,0.0029, ,0.2435, ,0.2331, ,0.0088, ,0.0029,
 ,0.01, ,0.0029, ,0.221, ,0.212, ,0.0087, ,0.003,
 ,0.0104, ,0.0029, ,0.2197, ,0.2108, ,0.0089, ,0.0029,
 ,0.0101, ,0.0029, ,0.2374, ,0.2285, ,0.0086, ,0.0028,
 ,0.01, ,0.0029, ,0.228, ,0.2193, ,0.0086, ,0.0028,
 ,0.01, ,0.003, ,0.2197, ,0.2108, ,0.0086, ,0.0028,
 ,0.0104, ,0.0029, ,0.2216, ,0.2128, ,0.0085, ,0.0028,
 ,0.01, ,0.0029, ,0.2232, ,0.2145, ,0.0091, ,0.0031,
 ,0.01, ,0.0029, ,0.2198, ,0.2109, ,0.0086, ,0.0029,
 ,0.0099, ,0.0029, ,0.2168, ,0.208, ,0.0087, ,0.0029,
 ,0.0104, ,0.0029, ,0.2206, ,0.2117, ,0.0088, ,0.0028,
 ,0.01, ,0.0029, ,0.2192, ,0.2104, ,0.0085, ,0.0029,
 ,0.0102, ,0.003, ,0.2182, ,0.2094, ,0.0086, ,0.0028,
 ,0.0104, ,0.003, ,0.2269, ,0.2181, ,0.0085, ,0.0028,
 ,0.0105, ,0.003, ,0.237, ,0.2278, ,0.0088, ,0.0029,
 ,0.01, ,0.0029, ,0.2277, ,0.2189, ,0.009, ,0.0031,
 ,0.01, ,0.003, ,0.22, ,0.211, ,0.0087, ,0.0029,
 ,0.01, ,0.0029, ,0.2136, ,0.2048, ,0.0084, ,0.0028,
 ,0.0104, ,0.0029, ,0.2219, ,0.213, ,0.0089, ,0.0028,
 ,0.01, ,0.0029, ,0.2205, ,0.2116, ,0.0086, ,0.0028,
 ,0.01, ,0.0029, ,0.2189, ,0.21, ,0.0086, ,0.0028,
 ,0.0106, ,0.0031, ,0.2211, ,0.2122, ,0.0086, ,0.0028,
 ,0.012, ,0.004, ,0.306, ,0.2967, ,0.0092, ,0.003,
 ,0.0109, ,0.0033, ,0.2267, ,0.2177, ,0.0086, ,0.0029,
 ,0.0104, ,0.003, ,0.2223, ,0.2134, ,0.0085, ,0.0028,
 ,0.0144, ,0.004, ,0.2209, ,0.212, ,0.0086, ,0.0028,
 ,0.0151, ,0.0039, ,0.219, ,0.2102, ,0.0117, ,0.0036,
 ,0.0142, ,0.0038, ,0.2211, ,0.2123, ,0.0139, ,0.0041,
 ,0.0146, ,0.0039, ,0.2207, ,0.2118, ,0.0087, ,0.0029,
 ,0.0105, ,0.0031, ,0.2189, ,0.2101, ,0.0086, ,0.0028,
 ,0.0107, ,0.003, ,0.2171, ,0.2082, ,0.0093, ,0.0029,
 ,0.0101, ,0.003, ,0.2225, ,0.2138, ,0.0087, ,0.0029,
 ,0.0102, ,0.003, ,0.2204, ,0.2114, ,0.009, ,0.003,
 ,0.0101, ,0.003, ,0.2186, ,0.2098, ,0.0088, ,0.003,
 ,0.0136, ,0.0039, ,0.2203, ,0.2115, ,0.0088, ,0.0028,
 ,0.0103, ,0.003, ,0.2206, ,0.2117, ,0.0086, ,0.0029,
 ,0.0099, ,0.0028, ,0.2644, ,0.2555, ,0.0085, ,0.0029,
 ,0.0106, ,0.0032, ,0.2275, ,0.2184, ,0.0085, ,0.0028,
 ,0.0105, ,0.0029, ,0.2211, ,0.2123, ,0.0088, ,0.0027,
 ,0.0106, ,0.003, ,0.2214, ,0.2125, ,0.0086, ,0.0028,
 ,0.0105, ,0.0031, ,0.2175, ,0.2086, ,0.0085, ,0.0028,
 ,0.0105, ,0.0031, ,0.2181, ,0.2093, ,0.0084, ,0.0028,
 ,0.0108, ,0.0031, ,0.2184, ,0.2097, ,0.0088, ,0.0028,
 ,0.0101, ,0.003, ,0.2168, ,0.208, ,0.0084, ,0.0028,
 ,0.0101, ,0.0029, ,0.2189, ,0.2098, ,0.0085, ,0.0028,
 ,0.0102, ,0.003, ,0.2182, ,0.2093, ,0.0084, ,0.0028,
 ,0.0105, ,0.003, ,0.2177, ,0.2088, ,0.0088, ,0.0028,
 ,0.0101, ,0.0029, ,0.2206, ,0.2118, ,0.0085, ,0.0028,
 ,0.0102, ,0.003, ,0.223, ,0.2142, ,0.0085, ,0.0028,
 ,0.0101, ,0.003, ,0.2189, ,0.2101, ,0.0088, ,0.0029,
 ,0.0104, ,0.003, ,0.2174, ,0.2086, ,0.0096, ,0.003,
 ,0.01, ,0.003, ,0.22, ,0.2112, ,0.0111, ,0.0037,
 ,0.0101, ,0.003, ,0.2191, ,0.2102, ,0.0089, ,0.0029,
 ,0.0101, ,0.003, ,0.2192, ,0.2103, ,0.0087, ,0.0029,
 ,0.0104, ,0.0029, ,0.2722, ,0.2624, ,0.0092, ,0.003,
 ,0.0101, ,0.003, ,0.2301, ,0.2212, ,0.0087, ,0.0029,
 ,0.0101, ,0.0029, ,0.2197, ,0.2109, ,0.0086, ,0.0028,
 ,0.01, ,0.0029, ,0.2358, ,0.2268, ,0.0086, ,0.0029,
 ,0.0105, ,0.003, ,0.2211, ,0.2122, ,0.009, ,0.003,
 ,0.0101, ,0.0029, ,0.2194, ,0.2106, ,0.0086, ,0.0029,
 ,0.0099, ,0.0029, ,0.2177, ,0.2088, ,0.0087, ,0.0029,
 ,0.0102, ,0.0029, ,0.2201, ,0.2112, ,0.0086, ,0.0029,
 ,0.0104, ,0.0029, ,0.219, ,0.2101, ,0.0093, ,0.003,
 ,0.0099, ,0.0029, ,0.2215, ,0.2128, ,0.0086, ,0.0029,
 ,0.0102, ,0.0029, ,0.2204, ,0.2115, ,0.0083, ,0.0028,
 ,0.01, ,0.0029, ,0.2207, ,0.2118, ,0.0085, ,0.0028,
 ,0.0103, ,0.0029, ,0.2186, ,0.2097, ,0.0087, ,0.0028,
 ,0.0101, ,0.0029, ,0.2201, ,0.2112, ,0.0087, ,0.0028,
 ,0.0102, ,0.003, ,0.2207, ,0.2119, ,0.0086, ,0.0029,
 ,0.01, ,0.0029, ,0.2188, ,0.21, ,0.0085, ,0.0028,
 ,0.0106, ,0.003, ,0.2231, ,0.2141, ,0.0089, ,0.0029,
 ,0.0102, ,0.003, ,0.2285, ,0.2191, ,0.0085, ,0.0028,
 ,0.0102, ,0.003, ,0.2683, ,0.2589, ,0.0086, ,0.0029,
 ,0.01, ,0.003, ,0.2298, ,0.2204, ,0.0087, ,0.0029,
 ,0.0105, ,0.0029, ,0.3186, ,0.3095, ,0.0089, ,0.0028,
 ,0.01, ,0.0029, ,0.2851, ,0.2753, ,0.0086, ,0.0028,
 ,0.0103, ,0.003, ,0.2435, ,0.2327, ,0.0085, ,0.0029,
 ,0.0101, ,0.003, ,0.2344, ,0.2252, ,0.0086, ,0.0028,
 ,0.0103, ,0.0029, ,0.2225, ,0.2135, ,0.0088, ,0.0029,
 ,0.01, ,0.0029, ,0.222, ,0.2132, ,0.0087, ,0.0028,
 ,0.0104, ,0.003, ,0.2169, ,0.208, ,0.0085, ,0.0028,
 ,0.01, ,0.003, ,0.2284, ,0.2196, ,0.0086, ,0.0029,
 ,0.0104, ,0.0029, ,0.2224, ,0.2135, ,0.0088, ,0.0028,
 ,0.0099, ,0.0029, ,0.2217, ,0.2128, ,0.0086, ,0.0028,
 ,0.0101, ,0.003, ,0.23, ,0.2183, ,0.0085, ,0.0028,
 ,0.01, ,0.003, ,0.2287, ,0.2198, ,0.0086, ,0.0028,
 ,0.0105, ,0.003, ,0.2282, ,0.2193, ,0.0089, ,0.0028,
 ,0.01, ,0.0028, ,0.2295, ,0.2207, ,0.0087, ,0.0029,
 ,0.0101, ,0.0029, ,0.3072, ,0.2983, ,0.0086, ,0.0029,
 ,0.01, ,0.0029, ,0.2273, ,0.2183, ,0.0085, ,0.0028,
 ,0.0104, ,0.0029, ,0.2249, ,0.2159, ,0.0087, ,0.0028,
 ,0.0102, ,0.0029, ,0.2267, ,0.2177, ,0.0122, ,0.0041,
 ,0.0102, ,0.003, ,0.2197, ,0.2109, ,0.0088, ,0.003,
 ,0.0101, ,0.003, ,0.2203, ,0.2113, ,0.0087, ,0.0029,
 ,0.0104, ,0.0029, ,0.221, ,0.2121, ,0.0088, ,0.0028,
 ,0.0101, ,0.003, ,0.2243, ,0.2154, ,0.0084, ,0.0027,
 ,0.01, ,0.003, ,0.2196, ,0.2106, ,0.0085, ,0.0028,
 ,0.0133, ,0.0039, ,0.2213, ,0.2124, ,0.0085, ,0.0028,
 ,0.0104, ,0.003, ,0.2245, ,0.2156, ,0.0088, ,0.0028,
 ,0.0103, ,0.0031, ,0.22, ,0.2111, ,0.0085, ,0.0029,
 ,0.0104, ,0.003, ,0.2176, ,0.2087, ,0.0085, ,0.0028,
 ,0.0103, ,0.003, ,0.2214, ,0.2125, ,0.0085, ,0.0028,
 ,0.0109, ,0.0031, ,0.2301, ,0.2183, ,0.0087, ,0.0028,
 ,0.01, ,0.003, ,0.2216, ,0.2128, ,0.0085, ,0.0028,
 ,0.0097, ,0.0028, ,0.2207, ,0.2119, ,0.0086, ,0.0028,
 ,0.0097, ,0.0027, ,0.2254, ,0.2166, ,0.0087, ,0.0028,
 ,0.0106, ,0.0029, ,0.2192, ,0.2104, ,0.0088, ,0.0028,
 ,0.0099, ,0.0029, ,0.3639, ,0.3545, ,0.0085, ,0.0029,
 ,0.0105, ,0.003, ,0.2344, ,0.2252, ,0.0086, ,0.0028,
 ,0.0097, ,0.0027, ,0.2213, ,0.2124, ,0.0085, ,0.0028,
 ,0.0106, ,0.003, ,0.2193, ,0.2103, ,0.009, ,0.0028,
 ,0.0103, ,0.0031, ,0.2401, ,0.2312, ,0.0272, ,0.0215,
 ,0.0106, ,0.003, ,0.2204, ,0.2114, ,0.0083, ,0.0027,
 ,0.0105, ,0.003, ,0.2238, ,0.2151, ,0.0085, ,0.0028,
 ,0.0113, ,0.0031, ,0.2395, ,0.2305, ,0.0088, ,0.0028,
 ,0.0102, ,0.003, ,0.2214, ,0.2125, ,0.0085, ,0.0029,
 ,0.0104, ,0.003, ,0.2388, ,0.2295, ,0.0087, ,0.0029,
 ,0.0109, ,0.0031, ,0.2213, ,0.2124, ,0.0084, ,0.0028,
 ,0.0103, ,0.0029, ,0.221, ,0.2122, ,0.0088, ,0.0028,
 ,0.0105, ,0.003, ,0.223, ,0.2142, ,0.0085, ,0.0029,
 ,0.0133, ,0.0038, ,0.2192, ,0.2102, ,0.0085, ,0.0028,
 ,0.0163, ,0.0043, ,0.2234, ,0.2145, ,0.0085, ,0.0029,
 ,0.0109, ,0.0031, ,0.2201, ,0.2112, ,0.0087, ,0.0028,
 ,0.0104, ,0.003, ,0.219, ,0.2101, ,0.0085, ,0.0029,
 ,0.0104, ,0.0029, ,0.2205, ,0.2117, ,0.0094, ,0.003,
 ,0.0103, ,0.003, ,0.2209, ,0.2118, ,0.0096, ,0.0034,
 ,0.011, ,0.0031, ,0.2198, ,0.2109, ,0.0114, ,0.0036,
 ,0.0105, ,0.003, ,0.2523, ,0.2435, ,0.0104, ,0.0034,
 ,0.0104, ,0.0031, ,0.2425, ,0.233, ,0.0085, ,0.0027,
 ,0.0102, ,0.003, ,0.2328, ,0.2239, ,0.0091, ,0.003,
 ,0.0102, ,0.0029, ,0.2273, ,0.2183, ,0.0089, ,0.0028,
 ,0.0104, ,0.0031, ,0.2305, ,0.2216, ,0.0085, ,0.0028,
 ,0.0102, ,0.003, ,0.2154, ,0.2064, ,0.0083, ,0.0027,
 ,0.0102, ,0.0029, ,0.2239, ,0.2151, ,0.0084, ,0.0028,
 ,0.0105, ,0.003, ,0.2165, ,0.2077, ,0.0086, ,0.0027,
 ,0.0099, ,0.0029, ,0.2271, ,0.2183, ,0.0086, ,0.0028,
 ,0.0101, ,0.003, ,0.2203, ,0.2115, ,0.0085, ,0.0029,
 ,0.0102, ,0.003, ,0.2202, ,0.2113, ,0.0085, ,0.0028,
 ,0.0132, ,0.0029, ,0.2204, ,0.2116, ,0.0088, ,0.0028,
 ,0.01, ,0.0029, ,0.2211, ,0.2123, ,0.0085, ,0.0029,
 ,0.0103, ,0.003, ,0.2184, ,0.2095, ,0.0085, ,0.0029,
 ,0.0101, ,0.003, ,0.2164, ,0.2075, ,0.0084, ,0.0028,
 ,0.0103, ,0.0029, ,0.2657, ,0.2569, ,0.0089, ,0.0028,
 ,0.0135, ,0.0038, ,0.2211, ,0.2122, ,0.0086, ,0.0028,
 ,0.0123, ,0.0034, ,0.2187, ,0.2097, ,0.0086, ,0.0029,
 ,0.0101, ,0.003, ,0.2194, ,0.2105, ,0.0087, ,0.0029,
 ,0.0106, ,0.0029, ,0.2191, ,0.2102, ,0.0089, ,0.0028,
 ,0.0099, ,0.0029, ,0.2184, ,0.2095, ,0.0085, ,0.0028,
 ,0.0101, ,0.0029, ,0.2195, ,0.2107, ,0.0086, ,0.0028,
 ,0.0101, ,0.0029, ,0.2194, ,0.2105, ,0.0087, ,0.0028,
 ,0.0104, ,0.0029, ,0.2199, ,0.2111, ,0.0087, ,0.0028,
 ,0.01, ,0.0029, ,0.2202, ,0.2114, ,0.0085, ,0.0029,
 ,0.0101, ,0.0028, ,0.2205, ,0.2116, ,0.0092, ,0.003,
 ,0.0101, ,0.0029, ,0.2198, ,0.211, ,0.012, ,0.0035,
 ,0.0129, ,0.0036, ,0.2192, ,0.2103, ,0.0088, ,0.0028,
 ,0.0101, ,0.003, ,0.2289, ,0.2203, ,0.0082, ,0.0026,
 ,0.01, ,0.003, ,0.2215, ,0.2126, ,0.0087, ,0.0028,
 ,0.0101, ,0.003, ,0.2193, ,0.2104, ,0.0082, ,0.0026,
 ,0.0104, ,0.0029, ,0.2202, ,0.2112, ,0.0085, ,0.0027,
 ,0.0101, ,0.0029, ,0.2229, ,0.2142, ,0.0082, ,0.0026,
 ,0.0101, ,0.0029, ,0.2201, ,0.2113, ,0.0082, ,0.0027,
 ,0.0099, ,0.0028, ,0.2541, ,0.2452, ,0.0082, ,0.0027,
 ,0.0104, ,0.0029, ,0.2353, ,0.2259, ,0.0085, ,0.0027,
 ,0.0103, ,0.003, ,0.2233, ,0.2143, ,0.0112, ,0.0034,
 ,0.01, ,0.0029, ,0.2235, ,0.2145, ,0.0088, ,0.003,
 ,0.0101, ,0.0029, ,0.2216, ,0.2127, ,0.0084, ,0.0029,
 ,0.0104, ,0.003, ,0.2252, ,0.2166, ,0.009, ,0.0029,
 ,0.0101, ,0.003, ,0.2228, ,0.214, ,0.0092, ,0.003,
 ,0.0106, ,0.003, ,0.2254, ,0.2165, ,0.0084, ,0.0028,
 ,0.0104, ,0.0029, ,0.2198, ,0.2109, ,0.0091, ,0.0031,
 ,0.0108, ,0.003, ,0.2177, ,0.2087, ,0.0089, ,0.0029,
 ,0.0101, ,0.0029, ,0.2163, ,0.2073, ,0.0085, ,0.0028,
 ,0.0104, ,0.003, ,0.2189, ,0.21, ,0.0084, ,0.0028,
 ,0.0105, ,0.0031, ,0.226, ,0.2168, ,0.0084, ,0.0028,
 ,0.0113, ,0.0033, ,0.2176, ,0.2088, ,0.0089, ,0.0028,
 ,0.0102, ,0.003, ,0.222, ,0.2132, ,0.0085, ,0.0027,
 ,0.0101, ,0.0029, ,0.2224, ,0.2136, ,0.0084, ,0.0027,
 ,0.0101, ,0.003, ,0.2182, ,0.2092, ,0.0085, ,0.0028,
 ,0.0105, ,0.003, ,0.2197, ,0.2109, ,0.0092, ,0.0029,
 ,0.01, ,0.0029, ,0.2261, ,0.2172, ,0.0088, ,0.0029,
 ,0.01, ,0.0029, ,0.2187, ,0.2099, ,0.0087, ,0.0029,
 ,0.0129, ,0.0038, ,0.214, ,0.205, ,0.0086, ,0.0029,
 ,0.0104, ,0.003, ,0.2171, ,0.2081, ,0.009, ,0.0029,
 ,0.01, ,0.003, ,0.2191, ,0.2104, ,0.0086, ,0.0028,
 ,0.0101, ,0.003, ,0.2177, ,0.2087, ,0.0086, ,0.0029,
 ,0.01, ,0.0029, ,0.2156, ,0.2068, ,0.0085, ,0.0029,
 ,0.0107, ,0.0031, ,0.3233, ,0.3132, ,0.0092, ,0.0029,
 ,0.0102, ,0.003, ,0.2981, ,0.2867, ,0.0088, ,0.003,
 ,0.0101, ,0.0029, ,0.3085, ,0.2975, ,0.0086, ,0.0028,
 ,0.01, ,0.0029, ,0.3035, ,0.2903, ,0.0091, ,0.0031,
 ,0.0131, ,0.0036, ,0.2298, ,0.2207, ,0.0091, ,0.0029,
 ,0.0102, ,0.0029, ,0.2342, ,0.2252, ,0.009, ,0.0031,
 ,0.0102, ,0.0029, ,0.2234, ,0.2143, ,0.0088, ,0.0029,
 ,0.0138, ,0.0029, ,0.2789, ,0.265, ,0.0128, ,0.0028,
 ,0.0106, ,0.0029, ,0.2253, ,0.2164, ,0.0087, ,0.0028,
 ,0.0102, ,0.003, ,0.2331, ,0.2242, ,0.0086, ,0.0029,
 ,0.0101, ,0.0029, ,0.2335, ,0.2245, ,0.0085, ,0.0028,
 ,0.0101, ,0.003, ,0.2261, ,0.2172, ,0.0087, ,0.0029,
 ,0.0104, ,0.0029, ,0.2308, ,0.2218, ,0.0123, ,0.0039,
 ,0.0102, ,0.003, ,0.2362, ,0.2273, ,0.0098, ,0.0032,
 ,0.01, ,0.0029, ,0.229, ,0.2201, ,0.0088, ,0.0029,
 ,0.0102, ,0.0029, ,0.2241, ,0.2151, ,0.0088, ,0.0029,
 ,0.0104, ,0.0029, ,0.2222, ,0.2133, ,0.0091, ,0.003,
 ,0.0101, ,0.0028, ,0.2237, ,0.2149, ,0.0088, ,0.0029,
 ,0.0103, ,0.003, ,0.2182, ,0.2094, ,0.0086, ,0.0029,
 ,0.01, ,0.0029, ,0.2207, ,0.2118, ,0.0086, ,0.0028,
 ,0.0105, ,0.0029, ,0.2194, ,0.2105, ,0.009, ,0.0028,
 ,0.0101, ,0.0029, ,0.2211, ,0.2124, ,0.0087, ,0.0029,
 ,0.01, ,0.0029, ,0.2254, ,0.2165, ,0.0088, ,0.0029,
 ,0.01, ,0.003, ,0.228, ,0.219, ,0.0086, ,0.0028,
 ,0.0104, ,0.0028, ,0.2274, ,0.2185, ,0.0092, ,0.0029,
 ,0.0102, ,0.0029, ,0.2226, ,0.2137, ,0.0085, ,0.0028,
 ,0.0101, ,0.003, ,0.23, ,0.221, ,0.0085, ,0.0028,
 ,0.0101, ,0.0029, ,0.2241, ,0.2151, ,0.0085, ,0.0029,
 ,0.0105, ,0.0029, ,0.2244, ,0.2155, ,0.0088, ,0.0028,
 ,0.0106, ,0.0031, ,0.2681, ,0.2589, ,0.0086, ,0.0028,
 ,0.0102, ,0.003, ,0.3097, ,0.2978, ,0.0085, ,0.0028,
 ,0.01, ,0.0029, ,0.2679, ,0.2587, ,0.0086, ,0.0029,
 ,0.0106, ,0.003, ,0.2236, ,0.2147, ,0.0089, ,0.0028,
 ,0.0101, ,0.0029, ,0.2205, ,0.2116, ,0.0086, ,0.0028,
 ,0.01, ,0.0029, ,0.2731, ,0.2641, ,0.0085, ,0.0028,
 ,0.01, ,0.0029, ,0.3054, ,0.2961, ,0.0085, ,0.0028,
 ,0.0104, ,0.0029, ,0.2531, ,0.2433, ,0.0088, ,0.0028,
 ,0.01, ,0.003, ,0.2595, ,0.2504, ,0.0086, ,0.0028,
 ,0.01, ,0.0029, ,0.2544, ,0.2452, ,0.0084, ,0.0028,
 ,0.01, ,0.0029, ,0.2291, ,0.22, ,0.0086, ,0.0029,
 ,0.0103, ,0.003, ,0.2627, ,0.2524, ,0.0089, ,0.0028,
 ,0.01, ,0.0029, ,0.2548, ,0.2453, ,0.0085, ,0.0029,
 ,0.0101, ,0.0029, ,0.2532, ,0.2438, ,0.0085, ,0.0028,
 ,0.0099, ,0.0029, ,0.2576, ,0.2475, ,0.0086, ,0.0029,
 ,0.0104, ,0.0029, ,0.2315, ,0.2216, ,0.0088, ,0.0028,
 ,0.0101, ,0.0029, ,0.3252, ,0.3159, ,0.0086, ,0.0028,
 ,0.0101, ,0.0028, ,0.23, ,0.2212, ,0.0112, ,0.0035,
 ,0.01, ,0.0029, ,0.2211, ,0.2123, ,0.0084, ,0.0029,
 ,0.0127, ,0.0037, ,0.219, ,0.21, ,0.0088, ,0.0028,
 ,0.0102, ,0.003, ,0.22, ,0.2112, ,0.0085, ,0.0028,
 ,0.0101, ,0.0029, ,0.2203, ,0.2115, ,0.0085, ,0.0028,
 ,0.01, ,0.0029, ,0.2188, ,0.2099, ,0.0085, ,0.0028,
 ,0.0105, ,0.0029, ,0.2356, ,0.2265, ,0.0089, ,0.0029,
 ,0.01, ,0.0029, ,0.4769, ,0.4659, ,0.0084, ,0.0028,
 ,0.0104, ,0.003, ,0.4211, ,0.4112, ,0.0086, ,0.0028,
 ,0.0102, ,0.003, ,0.3414, ,0.3319, ,0.0085, ,0.0028,
 ,0.0121, ,0.0034, ,0.2456, ,0.2362, ,0.0087, ,0.0028,
 ,0.0152, ,0.0051, ,0.2318, ,0.2223, ,0.0087, ,0.0029,
 ,0.0121, ,0.0031, ,0.2159, ,0.2067, ,0.0085, ,0.0028,
 ,0.0154, ,0.0043, ,0.2183, ,0.2094, ,0.0086, ,0.0027,
 ,0.0107, ,0.0029, ,0.2147, ,0.2058, ,0.0089, ,0.0028,
 ,0.0103, ,0.0029, ,0.2176, ,0.2088, ,0.0087, ,0.0028,
 ,0.0108, ,0.0032, ,0.2152, ,0.2062, ,0.0084, ,0.0028,
 ,0.0102, ,0.0029, ,0.2538, ,0.2444, ,0.0085, ,0.0028,
 ,0.0105, ,0.003, ,0.2261, ,0.2168, ,0.0088, ,0.0029,
 ,0.0102, ,0.0029, ,0.2184, ,0.2095, ,0.0085, ,0.0028,
 ,0.0102, ,0.003, ,0.2189, ,0.2101, ,0.0086, ,0.0028,
 ,0.0101, ,0.0029, ,0.2234, ,0.2147, ,0.0085, ,0.0029,
 ,0.0104, ,0.0029, ,0.2174, ,0.2084, ,0.0087, ,0.0029,
 ,0.0101, ,0.003, ,0.2208, ,0.212, ,0.0085, ,0.0028,
 ,0.01, ,0.0029, ,0.2213, ,0.2124, ,0.0086, ,0.0028,
 ,0.0108, ,0.0033, ,0.214, ,0.2051, ,0.0086, ,0.0028,
 ,0.0105, ,0.003, ,0.2155, ,0.2065, ,0.0088, ,0.0028,
 ,0.0102, ,0.0029, ,0.2167, ,0.2078, ,0.0085, ,0.0028,
 ,0.0107, ,0.0032, ,0.2164, ,0.2076, ,0.0085, ,0.0029,
 ,0.0101, ,0.003, ,0.2154, ,0.2065, ,0.0085, ,0.0028,
 ,0.0104, ,0.003, ,0.2145, ,0.2056, ,0.0088, ,0.0028,
 ,0.0101, ,0.003, ,0.2416, ,0.2327, ,0.0086, ,0.0028,
 ,0.0102, ,0.0029, ,0.2226, ,0.2138, ,0.0085, ,0.0028,
 ,0.0101, ,0.0029, ,0.2148, ,0.2059, ,0.0086, ,0.0028,
 ,0.0103, ,0.0029, ,0.216, ,0.2071, ,0.0088, ,0.0028,
 ,0.01, ,0.0029, ,0.2165, ,0.2076, ,0.0085, ,0.0028,
 ,0.0103, ,0.003, ,0.2141, ,0.2053, ,0.0085, ,0.0028,
 ,0.0101, ,0.0029, ,0.2156, ,0.2068, ,0.0086, ,0.0029,
 ,0.0104, ,0.0029, ,0.22, ,0.2111, ,0.0088, ,0.0028,
 ,0.01, ,0.0029, ,0.2218, ,0.2131, ,0.0085, ,0.0028,
 ,0.01, ,0.0029, ,0.2173, ,0.2084, ,0.0085, ,0.0028,
 ,0.01, ,0.0029, ,0.2214, ,0.2125, ,0.009, ,0.003,
 ,0.0103, ,0.0029, ,0.2232, ,0.2143, ,0.009, ,0.0029,
 ,0.0101, ,0.0029, ,0.2185, ,0.2097, ,0.0086, ,0.0029,
 ,0.0103, ,0.0029, ,0.2201, ,0.2111, ,0.0087, ,0.0029,
 ,0.0101, ,0.0029, ,0.2206, ,0.2117, ,0.0086, ,0.0028,
 ,0.0105, ,0.0029, ,0.2215, ,0.2128, ,0.0093, ,0.003,
 ,0.01, ,0.003, ,0.2226, ,0.2139, ,0.0085, ,0.0029,
 ,0.0102, ,0.0029, ,0.2213, ,0.2124, ,0.0086, ,0.0028,
 ,0.0101, ,0.0029, ,0.2174, ,0.2084, ,0.0086, ,0.0029,
 ,0.0104, ,0.0029, ,0.2184, ,0.2096, ,0.0089, ,0.0028,
 ,0.0101, ,0.003, ,0.2186, ,0.2098, ,0.0085, ,0.0028,
 ,0.0102, ,0.0029, ,0.2211, ,0.2123, ,0.0086, ,0.0028,
 ,0.0102, ,0.003, ,0.2164, ,0.2074, ,0.0086, ,0.0029,
 ,0.0104, ,0.0029, ,0.2252, ,0.2163, ,0.0088, ,0.0028,
 ,0.01, ,0.0029, ,0.2201, ,0.2115, ,0.0085, ,0.0028,
 ,0.0102, ,0.0029, ,0.2169, ,0.2081, ,0.0085, ,0.0028,
 ,0.01, ,0.003, ,0.2182, ,0.2093, ,0.0085, ,0.0028,
 ,0.0105, ,0.003, ,0.2181, ,0.2093, ,0.0089, ,0.0028,
 ,0.01, ,0.0029, ,0.2212, ,0.212, ,0.0088, ,0.0029,
 ,0.0101, ,0.0029, ,0.218, ,0.2091, ,0.0089, ,0.003,
 ,0.01, ,0.0029, ,0.2727, ,0.2639, ,0.0085, ,0.0029,
 ,0.0105, ,0.0029, ,0.2216, ,0.2118, ,0.0087, ,0.0028,
 ,0.01, ,0.0029, ,0.4704, ,0.4583, ,0.0085, ,0.0028,
 ,0.01, ,0.0029, ,0.256, ,0.2457, ,0.0084, ,0.0028,
 ,0.01, ,0.0029, ,0.2332, ,0.224, ,0.0084, ,0.0028,
 ,0.0104, ,0.0029, ,0.2416, ,0.2324, ,0.0088, ,0.0028,
 ,0.0101, ,0.0029, ,0.2289, ,0.22, ,0.0086, ,0.0028,
 ,0.0102, ,0.0029, ,0.2252, ,0.2163, ,0.0084, ,0.0028,
 ,0.0101, ,0.003, ,0.2315, ,0.2226, ,0.0084, ,0.0028,
 ,0.0104, ,0.003, ,0.2188, ,0.2097, ,0.0088, ,0.0028,
 ,0.01, ,0.0029, ,0.2247, ,0.2158, ,0.0084, ,0.0029,
 ,0.0101, ,0.003, ,0.2201, ,0.2112, ,0.0085, ,0.0029,
 ,0.01, ,0.0028, ,0.2203, ,0.2113, ,0.0084, ,0.0028,
 ,0.0105, ,0.003, ,0.2411, ,0.2323, ,0.0088, ,0.0028,
 ,0.01, ,0.003, ,0.2231, ,0.2141, ,0.0106, ,0.0035,
 ,0.0102, ,0.0029, ,0.22, ,0.2111, ,0.0087, ,0.0029,
 ,0.01, ,0.0029, ,0.2201, ,0.2113, ,0.0085, ,0.0029,
 ,0.0105, ,0.003, ,0.2215, ,0.2128, ,0.0088, ,0.0028,
 ,0.0099, ,0.0029, ,0.2221, ,0.2134, ,0.0085, ,0.0028,
 ,0.01, ,0.0029, ,0.2176, ,0.2088, ,0.0087, ,0.0029,
 ,0.0101, ,0.0029, ,0.2197, ,0.2108, ,0.0086, ,0.0028,
 ,0.0112, ,0.0032, ,0.2198, ,0.2109, ,0.0088, ,0.0029,
 ,0.0107, ,0.003, ,0.2181, ,0.2092, ,0.0085, ,0.0029,
 ,0.0107, ,0.0031, ,0.2195, ,0.2107, ,0.0085, ,0.0028,
 ,0.0102, ,0.003, ,0.2643, ,0.255, ,0.0086, ,0.0028,
 ,0.011, ,0.0031, ,0.2357, ,0.2262, ,0.0088, ,0.0028,
 ,0.0106, ,0.003, ,0.2342, ,0.2253, ,0.0086, ,0.0028,
 ,0.0104, ,0.0031, ,0.2242, ,0.2153, ,0.0085, ,0.0028,
 ,0.01, ,0.0029, ,0.2214, ,0.2124, ,0.0085, ,0.0029,
 ,0.0104, ,0.003, ,0.2187, ,0.2098, ,0.0088, ,0.0027,
 ,0.0105, ,0.003, ,0.2218, ,0.2129, ,0.0085, ,0.0028,
 ,0.0102, ,0.003, ,0.2266, ,0.2135, ,0.0085, ,0.0028,
 ,0.01, ,0.0029, ,0.2196, ,0.2107, ,0.0085, ,0.0029,
 ,0.0104, ,0.0029, ,0.2225, ,0.2136, ,0.0088, ,0.0028,
 ,0.0099, ,0.0029, ,0.2279, ,0.2193, ,0.0085, ,0.0029,
 ,0.01, ,0.0028, ,0.2189, ,0.2099, ,0.0086, ,0.0028,
 ,0.0101, ,0.003, ,0.2213, ,0.2121, ,0.0085, ,0.0028,
 ,0.0104, ,0.0029, ,0.2252, ,0.2163, ,0.0088, ,0.0028,
 ,0.01, ,0.0029, ,0.2234, ,0.2146, ,0.0085, ,0.0028,
 ,0.01, ,0.0028, ,0.2176, ,0.2087, ,0.0086, ,0.0029,
 ,0.01, ,0.003, ,0.2213, ,0.2124, ,0.0085, ,0.0028,
 ,0.0104, ,0.0029, ,0.224, ,0.2153, ,0.0087, ,0.0028,
 ,0.01, ,0.0029, ,0.2222, ,0.2135, ,0.0084, ,0.0028,
 ,0.0101, ,0.0029, ,0.2218, ,0.213, ,0.0085, ,0.0028,
 ,0.0101, ,0.003, ,0.2205, ,0.2116, ,0.0085, ,0.0028,
 ,0.0103, ,0.0029, ,0.2251, ,0.2163, ,0.009, ,0.003,
 ,0.01, ,0.003, ,0.2198, ,0.211, ,0.0086, ,0.0029,
 ,0.0102, ,0.003, ,0.222, ,0.213, ,0.0084, ,0.0028,
 ,0.0101, ,0.0029, ,0.2197, ,0.2109, ,0.0085, ,0.0029,
 ,0.0104, ,0.0029, ,0.219, ,0.2101, ,0.0087, ,0.0029,
 ,0.01, ,0.003, ,0.2915, ,0.2826, ,0.0085, ,0.0028,
 ,0.0103, ,0.003, ,0.2255, ,0.2164, ,0.0085, ,0.0028,
 ,0.01, ,0.0029, ,0.2197, ,0.2108, ,0.0085, ,0.0029,
 ,0.0106, ,0.0029, ,0.2199, ,0.211, ,0.0088, ,0.0028,
 ,0.01, ,0.0029, ,0.2189, ,0.21, ,0.0087, ,0.0028,
 ,0.0101, ,0.003, ,0.2189, ,0.21, ,0.0086, ,0.0028,
 ,0.0104, ,0.0031, ,0.219, ,0.2101, ,0.0084, ,0.0029,
 ,0.0105, ,0.0029, ,0.2514, ,0.2425, ,0.0093, ,0.0029,
 ,0.0101, ,0.003, ,0.4815, ,0.4723, ,0.0106, ,0.0035,
 ,0.0101, ,0.0029, ,0.2593, ,0.2498, ,0.0105, ,0.0034,
 ,0.01, ,0.0029, ,0.215, ,0.2061, ,0.009, ,0.003,
 ,0.0104, ,0.0029, ,0.2271, ,0.2182, ,0.0091, ,0.003,
 ,0.01, ,0.003, ,0.2263, ,0.2174, ,0.0087, ,0.0029,
 ,0.0101, ,0.0029, ,0.2216, ,0.2127, ,0.0086, ,0.0028,
 ,0.0101, ,0.003, ,0.2214, ,0.2125, ,0.0085, ,0.0029,
 ,0.0103, ,0.0029, ,0.2261, ,0.2171, ,0.0088, ,0.0028,
 ,0.01, ,0.0029, ,0.2507, ,0.242, ,0.0086, ,0.0029,
 ,0.0101, ,0.003, ,0.2222, ,0.2129, ,0.0086, ,0.0028,
 ,0.0099, ,0.0029, ,0.2201, ,0.2113, ,0.0085, ,0.0028,
 ,0.0104, ,0.0029, ,0.2243, ,0.2158, ,0.0088, ,0.0028,
 ,0.01, ,0.003, ,0.22, ,0.2111, ,0.0085, ,0.0029,
 ,0.01, ,0.0029, ,0.2203, ,0.2116, ,0.0085, ,0.0028,
 ,0.01, ,0.0029, ,0.2203, ,0.2116, ,0.0085, ,0.0029,
 ,0.0104, ,0.0029, ,0.2252, ,0.2163, ,0.0088, ,0.0028,
 ,0.0101, ,0.003, ,0.2235, ,0.2147, ,0.0084, ,0.0029,
 ,0.0099, ,0.0029, ,0.2196, ,0.2108, ,0.0085, ,0.0028,
 ,0.01, ,0.0029, ,0.2204, ,0.2115, ,0.0085, ,0.0028,
 ,0.0103, ,0.0028, ,0.2207, ,0.2119, ,0.0088, ,0.0028,
 ,0.0099, ,0.0029, ,0.2679, ,0.2587, ,0.0086, ,0.0028,
 ,0.0101, ,0.0029, ,0.2204, ,0.2114, ,0.0085, ,0.0028,
 ,0.0101, ,0.0029, ,0.2201, ,0.2113, ,0.0085, ,0.0029,
 ,0.0103, ,0.0029, ,0.2203, ,0.2114, ,0.0089, ,0.0029,
 ,0.0101, ,0.0029, ,0.2238, ,0.2149, ,0.0085, ,0.0028,
 ,0.0101, ,0.003, ,0.2207, ,0.2118, ,0.0085, ,0.0028,
 ,0.01, ,0.0029, ,0.2205, ,0.2117, ,0.0085, ,0.0029,
 ,0.0104, ,0.0029, ,0.2231, ,0.2142, ,0.0088, ,0.0028,
 ,0.0101, ,0.003, ,0.2202, ,0.2114, ,0.0089, ,0.003,
 ,0.0101, ,0.0029, ,0.2205, ,0.2117, ,0.0086, ,0.0029,
 ,0.0101, ,0.0029, ,0.2203, ,0.2115, ,0.0085, ,0.0028,
 ,0.0103, ,0.003, ,0.2175, ,0.2085, ,0.0088, ,0.0028,
 ,0.0105, ,0.003, ,0.2167, ,0.2079, ,0.0088, ,0.003,
 ,0.0105, ,0.003, ,0.2241, ,0.2153, ,0.0087, ,0.0029,
 ,0.0102, ,0.003, ,0.2196, ,0.2107, ,0.0086, ,0.0028,
 ,0.0104, ,0.0029, ,0.2159, ,0.207, ,0.0088, ,0.0028,
 ,0.0101, ,0.0029, ,0.2178, ,0.2089, ,0.0085, ,0.0028,
 ,0.0102, ,0.003, ,0.2184, ,0.2094, ,0.0085, ,0.0028,
 ,0.0099, ,0.0029, ,0.2219, ,0.2131, ,0.0085, ,0.0028,
 ,0.0112, ,0.003, ,0.2181, ,0.2094, ,0.0088, ,0.0029,
 ,0.0107, ,0.0032, ,0.221, ,0.2122, ,0.0085, ,0.0028,
 ,0.01, ,0.003, ,0.2225, ,0.2136, ,0.0086, ,0.0028,
 ,0.0102, ,0.0031, ,0.2173, ,0.2084, ,0.0084, ,0.0028,
 ,0.0105, ,0.003, ,0.222, ,0.2131, ,0.0088, ,0.0028,
 ,0.0101, ,0.0029, ,0.2245, ,0.2156, ,0.0085, ,0.0028,
 ,0.0105, ,0.003, ,0.2704, ,0.2615, ,0.0086, ,0.0028,
 ,0.0102, ,0.0029, ,0.2212, ,0.2121, ,0.0085, ,0.0029,
 ,0.0103, ,0.0029, ,0.2213, ,0.2124, ,0.0088, ,0.0029,
 ,0.0101, ,0.003, ,0.2248, ,0.2159, ,0.0086, ,0.0028,
 ,0.0102, ,0.0029, ,0.2212, ,0.2123, ,0.0085, ,0.0028,
 ,0.0102, ,0.003, ,0.2208, ,0.2119, ,0.0085, ,0.0028,
 ,0.0103, ,0.0029, ,0.2198, ,0.2109, ,0.009, ,0.0029,
 ,0.0101, ,0.0029, ,0.2201, ,0.2112, ,0.0085, ,0.0028,
 ,0.01, ,0.0029, ,0.22, ,0.2111, ,0.0085, ,0.0028,
 ,0.0103, ,0.003, ,0.2193, ,0.2104, ,0.0085, ,0.0029,
 ,0.0103, ,0.0029, ,0.2248, ,0.216, ,0.0088, ,0.0029,
 ,0.0101, ,0.0029, ,0.2287, ,0.2191, ,0.0086, ,0.0029,
 ,0.0099, ,0.003, ,0.4313, ,0.4205, ,0.0085, ,0.0028,
 ,0.01, ,0.0029, ,0.2687, ,0.2578, ,0.0086, ,0.0028,
 ,0.0104, ,0.0029, ,0.2428, ,0.2336, ,0.0086, ,0.0028,
 ,0.0129, ,0.0056, ,0.235, ,0.2255, ,0.0085, ,0.0027,
 ,0.0103, ,0.0029, ,0.3194, ,0.3097, ,0.0084, ,0.0028,
 ,0.0101, ,0.003, ,0.2655, ,0.2563, ,0.0084, ,0.0028,
 ,0.0103, ,0.0029, ,0.2272, ,0.2181, ,0.0088, ,0.0028,
 ,0.01, ,0.0029, ,0.2241, ,0.2152, ,0.0086, ,0.0029,
 ,0.0101, ,0.003, ,0.2196, ,0.2106, ,0.0085, ,0.0028,
 ,0.01, ,0.0029, ,0.2275, ,0.2186, ,0.0085, ,0.0028,
 ,0.0105, ,0.0029, ,0.221, ,0.2121, ,0.0089, ,0.0028,
 ,0.0099, ,0.0029, ,0.2188, ,0.21, ,0.0086, ,0.0028,
 ,0.0101, ,0.0029, ,0.2201, ,0.2113, ,0.0085, ,0.0027,
 ,0.0101, ,0.003, ,0.2209, ,0.212, ,0.0085, ,0.0028,
 ,0.0103, ,0.0029, ,0.2822, ,0.2732, ,0.0088, ,0.0028,
 ,0.0101, ,0.0029, ,0.2235, ,0.2145, ,0.0085, ,0.0028,
 ,0.0102, ,0.003, ,0.2229, ,0.214, ,0.0084, ,0.0028,
 ,0.0101, ,0.0029, ,0.2219, ,0.2129, ,0.0085, ,0.0028,
 ,0.0104, ,0.0029, ,0.2211, ,0.2121, ,0.01, ,0.0031,
 ,0.0101, ,0.003, ,0.2214, ,0.2126, ,0.0087, ,0.0029,
 ,0.0101, ,0.003, ,0.2251, ,0.2161, ,0.0087, ,0.003,
 ,0.0101, ,0.003, ,0.2205, ,0.2115, ,0.0089, ,0.003,
 ,0.0104, ,0.003, ,0.2208, ,0.212, ,0.0089, ,0.003,
 ,0.0101, ,0.003, ,0.2239, ,0.2152, ,0.0085, ,0.0029,
 ,0.0101, ,0.0029, ,0.2211, ,0.2124, ,0.0083, ,0.0027,
 ,0.01, ,0.0029, ,0.2184, ,0.2095, ,0.0082, ,0.0027,
 ,0.0104, ,0.0029, ,0.2213, ,0.2125, ,0.0088, ,0.0028,
 ,0.0154, ,0.0081, ,0.2212, ,0.2124, ,0.009, ,0.0031,
 ,0.01, ,0.003, ,0.2204, ,0.2114, ,0.0089, ,0.003,
 ,0.01, ,0.0029, ,0.2209, ,0.212, ,0.0085, ,0.0028,
 ,0.0103, ,0.0029, ,0.2224, ,0.2134, ,0.0089, ,0.0029,
 ,0.0099, ,0.0029, ,0.2221, ,0.2133, ,0.0085, ,0.0028,
 ,0.0101, ,0.0029, ,0.2222, ,0.2133, ,0.0085, ,0.0029,
 ,0.0101, ,0.0029, ,0.2209, ,0.212, ,0.0086, ,0.0028,
 ,0.0105, ,0.003, ,0.2198, ,0.2109, ,0.0089, ,0.0029,
 ,0.01, ,0.0029, ,0.2181, ,0.2092, ,0.0087, ,0.0029,
 ,0.0101, ,0.0029, ,0.2273, ,0.2184, ,0.0088, ,0.0029,
 ,0.01, ,0.0029, ,0.2194, ,0.2105, ,0.0091, ,0.0031,
 ,0.0104, ,0.0029, ,0.2178, ,0.2089, ,0.009, ,0.0029,
 ,0.01, ,0.0029, ,0.2228, ,0.2141, ,0.0087, ,0.0028,
 ,0.01, ,0.0028, ,0.2667, ,0.2579, ,0.0086, ,0.0029,
 ,0.0101, ,0.0029, ,0.2245, ,0.2158, ,0.0088, ,0.0029,
 ,0.0104, ,0.0029, ,0.2209, ,0.212, ,0.009, ,0.0029,
 ,0.0102, ,0.0029, ,0.2205, ,0.2116, ,0.0087, ,0.0029,
 ,0.0101, ,0.003, ,0.2219, ,0.2129, ,0.0087, ,0.0029,
 ,0.01, ,0.0029, ,0.2188, ,0.2098, ,0.0085, ,0.0028,
 ,0.0104, ,0.003, ,0.2226, ,0.2137, ,0.0089, ,0.0029,
 ,0.0101, ,0.0029, ,0.2233, ,0.2145, ,0.0086, ,0.0029,
 ,0.0107, ,0.003, ,0.2209, ,0.212, ,0.0086, ,0.0028,
 ,0.0105, ,0.0031, ,0.221, ,0.2122, ,0.0085, ,0.0028,
 ,0.0106, ,0.003, ,0.2218, ,0.2129, ,0.0088, ,0.0028,
 ,0.0103, ,0.003, ,0.2223, ,0.2133, ,0.0085, ,0.0029,
 ,0.0101, ,0.003, ,0.2252, ,0.2166, ,0.0085, ,0.0029,
 ,0.01, ,0.0029, ,0.2213, ,0.2125, ,0.0085, ,0.0028,
 ,0.0104, ,0.003, ,0.2211, ,0.2122, ,0.0089, ,0.0028,
 ,0.0106, ,0.0031, ,0.2201, ,0.2115, ,0.0085, ,0.0028,
 ,0.0102, ,0.003, ,0.3948, ,0.3856, ,0.0085, ,0.003,
 ,0.0101, ,0.003, ,0.2937, ,0.2842, ,0.0084, ,0.0028,
 ,0.0147, ,0.004, ,0.2582, ,0.2482, ,0.0088, ,0.0028,
 ,0.0136, ,0.0042, ,0.2639, ,0.2525, ,0.0085, ,0.0028,
 ,0.0103, ,0.0029, ,0.2472, ,0.238, ,0.0085, ,0.0028,
 ,0.0105, ,0.003, ,0.2392, ,0.2301, ,0.0085, ,0.0029,
 ,0.0152, ,0.0037, ,0.259, ,0.2496, ,0.0089, ,0.0028,
 ,0.0103, ,0.003, ,0.2385, ,0.2291, ,0.0085, ,0.0028,
 ,0.0101, ,0.003, ,0.2332, ,0.2243, ,0.0085, ,0.0028,
 ,0.0098, ,0.0029, ,0.2291, ,0.2202, ,0.0084, ,0.0028,
 ,0.0104, ,0.0029, ,0.2321, ,0.223, ,0.0088, ,0.0028,
 ,0.0097, ,0.0028, ,0.2295, ,0.2206, ,0.0084, ,0.0028,
 ,0.0101, ,0.0029, ,0.2585, ,0.2495, ,0.0084, ,0.0028,
 ,0.01, ,0.0029, ,0.229, ,0.2202, ,0.0085, ,0.0028,
 ,0.0107, ,0.0029, ,0.2316, ,0.2226, ,0.0088, ,0.0028,
 ,0.0096, ,0.0028, ,0.2323, ,0.2233, ,0.0084, ,0.0028,
 ,0.0103, ,0.003, ,0.224, ,0.2152, ,0.0087, ,0.0029,
 ,0.0176, ,0.0104, ,0.2228, ,0.2139, ,0.0085, ,0.0029,
 ,0.0104, ,0.0029, ,0.2292, ,0.2205, ,0.0087, ,0.0028,

